"NUM_COMMANDE";"ARTICLE";"CODE_FOURNISSEUR";"QUANTITE_RESTANTE";"DATE_RECEPTION_PREVUE";
"CG2600665";"A7363";"11518";30000;"20/04/2026";
"CG2600235";"A7181";"27004";1400;"27/03/2026";
"CG2600709";"A7181";"27004";1400;"28/04/2026";
"CG2600420";"A7181";"27004";1400;"30/03/2026";
"CG2600220";"A7181";"27004";1400;"26/03/2026";
"CG2600161";"A7181";"27004";1400;"25/03/2026";
"CG2600683";"A7190";"11518";2400;"22/04/2026";
"CG2600579";"A7370";"14532";19200;"31/03/2026";
"CG2600553";"A6799E02";"11518";2880;"15/04/2026";
"CG2600553";"A7250E01";"11518";1080;"08/04/2026";
"CG2600378";"A7250E01";"11518";240;"18/03/2026";
"CG2600630";"A7250E01";"11518";2160;"22/04/2026";
"CG2600631";"A6968U03";"16012";2400;"13/04/2026";
"CG2600568";"A7369";"11518";18000;"08/04/2026";
"CG2600459";"A7375G05";"14532";4800;"24/03/2026";
"CG2600568";"A7143E02";"11518";1080;"08/04/2026";
"CG2600724";"A7399";"16012";14400;"04/05/2026";
"CG2600724";"A7399";"16012";14400;"11/05/2026";
"CG2600724";"A7399";"16012";14400;"28/04/2026";
"CG2600724";"A7399";"16012";14400;"30/03/2026";
"CG2600724";"A7399";"16012";14400;"11/05/2026";
"CG2600571";"A7399";"16012";14400;"07/04/2026";
"CG2600481";"A7399";"16012";14400;"30/03/2026";
"CG2600693";"A7399";"16012";14400;"13/04/2026";
"CG2600714";"A7399";"16012";28800;"20/04/2026";
"CG2600724";"A7399";"16012";14400;"27/04/2026";
"CG2600077";"A3501";"16012";360;"27/04/2026";
"CG2600620";"A3502";"11033";512;"16/04/2026";
"CG2600639";"A3598";"11033";800;"23/04/2026";
"CG2600474";"A3598";"11033";640;"02/04/2026";
"CG2600466";"A3864";"16012";3200;"26/03/2026";
"CG2600652";"A3864";"16012";6400;"16/04/2026";
"CG2600470";"A3864";"16012";3200;"30/03/2026";
"CG2600516";"A3864";"16012";3200;"31/03/2026";
"CG2600487";"A3378";"17014";4000;"04/05/2026";
"CG2600481";"A2588E03";"16012";360;"26/03/2026";
"CG2600631";"A1569H01";"16012";20000;"13/04/2026";
"CG2600445";"A4109";"16012";21504;"03/04/2026";
"CG2600693";"A4109";"16012";21504;"20/04/2026";
"CG1600890";"A1711";"27004";4830;"23/08/2016";
"CG2600597";"A1711";"27004";5040;"14/04/2026";
"CG2600665";"A3728";"11518";2000;"27/04/2026";
"CG2600598";"A2194C06";"15502";840;"07/04/2026";
"CG2600512";"A3066";"11033";1120;"26/03/2026";
"CG2600487";"A3608";"17014";1000;"04/05/2026";
"CG2600564";"A2745";"17014";3000;"08/06/2026";
"CG2600693";"A4106";"16012";10800;"20/04/2026";
"CG2600594";"A4106";"16012";5400;"09/04/2026";
"CG2600632";"A4106";"16012";5400;"14/04/2026";
"CG2600288";"E2891";"11519";4120;"16/04/2026";
"CG2600586";"E2891";"11519";7200;"20/05/2026";
"CG2600639";"A7217";"11033";1566;"16/04/2026";
"CG2600191";"A7217";"11033";6;"02/03/2026";
"CG2600523";"A4107";"16012";9450;"02/04/2026";
"CG2600680";"A4107";"16012";9450;"21/04/2026";
"CG2600693";"A4107";"16012";9450;"20/04/2026";
"CG2600632";"A4107";"16012";9450;"14/04/2026";
"CG2600427";"A4107";"16012";9450;"26/03/2026";
"CG2600582";"A3764W01";"16012";4224;"16/04/2026";
"CG2600714";"A3764W01";"16012";4224;"27/04/2026";
"CG2600498";"A2195E01";"11518";5760;"03/04/2026";
"CG2600416";"A2177";"11518";448;"19/03/2026";
"CG2600416";"A2178";"11518";256;"19/03/2026";
"CG2600474";"A3600";"11033";1200;"02/04/2026";
"CG2600531";"A1947E";"27004";10000;"07/04/2026";
"CG2600607";"A1617";"16012";2320;"03/04/2026";
"CG2600078";"A3373";"16017";1500;"30/03/2026";
"CG2600624";"A3774";"17014";4800;"27/04/2026";
"CG2600652";"A3823";"16012";24000;"16/04/2026";
"CG2600445";"A5718";"16012";7680;"24/03/2026";
"CG2600682";"A5718";"16012";7680;"23/04/2026";
"CG2600594";"A5718";"16012";7680;"09/04/2026";
"CG2600498";"A6800E01";"11518";5760;"03/04/2026";
"CG2600449";"A7101E01";"14532";4320;"30/03/2026";
"CG2600125";"A6968E01";"16012";1600;"30/03/2026";
"CG2600125";"A6968E01";"16012";2400;"13/04/2026";
"CG2600662";"A7101E02";"14532";4320;"22/04/2026";
"CG2600449";"A7101E02";"14532";4320;"30/03/2026";
"CG2600617";"A7101E02";"14532";4320;"14/04/2026";
"CG2600545";"A7101E02";"14532";4320;"08/04/2026";
"CG2600652";"A5725C01";"16012";1650;"16/04/2026";
"CG2600632";"A5725H01";"16012";3300;"14/04/2026";
"CG2600483";"A6565E";"17036";3456;"01/04/2026";
"CG2600623";"A6565N";"17036";1728;"15/04/2026";
"CG2600439";"A6565N";"17036";3456;"25/03/2026";
"CG2600630";"A6812";"11518";5000;"22/04/2026";
"CG2600599";"A6814H01";"11033";5000;"16/04/2026";
"CG2600670";"A6565W";"17036";1728;"29/04/2026";
"CG2600623";"A6565W";"17036";1728;"15/04/2026";
"CG2600661";"A6565W";"17036";1728;"22/04/2026";
"CG2600539";"A6565W";"17036";1728;"08/04/2026";
"CG2600483";"A6565W";"17036";1728;"01/04/2026";
"CG2600376";"A6565W";"17036";1728;"25/03/2026";
"CG2600623";"A6712B02";"17036";400;"15/04/2026";
"CG2600631";"A6804";"16012";3840;"13/04/2026";
"CG2600269";"A6969E01";"16012";3240;"20/04/2026";
"CG2600555";"A5725U01";"16012";6600;"09/04/2026";
"CG2600331";"K3438";"10512";10000;"03/06/2026";
"CG2600661";"A6712E02";"17036";4200;"22/04/2026";
"CG2502352";"A6806E01";"16012";8192;"02/04/2026";
"CG2600415";"A6806E01";"16012";8192;"24/03/2026";
"CG2600415";"A6806E02";"16012";4096;"24/03/2026";
"CG2502352";"A6806E02";"16012";4096;"10/02/2026";
"CG2600631";"A6806U03";"16012";3072;"13/04/2026";
"CG2600639";"A6809L01";"11033";5000;"16/04/2026";
"CG2600539";"A1596Z";"17036";5000;"01/04/2026";
"CG2600533";"K7080";"16516";2;"05/05/2026";
"CG2600476";"E2623";"21038";700;"27/03/2026";
"CG2600608";"E1233";"21038";6000;"02/04/2026";
"CG2600714";"A1228D03";"16012";1800;"21/04/2026";
"CG2600631";"A1228D03";"16012";1800;"13/04/2026";
"CG2600548";"E1458";"11028";100;"26/03/2026";
"CG2600692";"E7211";"21038";1500;"17/04/2026";
"CG2600692";"E519";"21038";300;"24/04/2026";
"CG2600595";"E3430";"21038";500;"10/04/2026";
"CG2600565";"U3978-01";"22002";288;"12/06/2026";
"CG2600528";"A4113";"15006";20000;"02/04/2026";
"CG2600529";"A1250";"11518";4000;"27/03/2026";
"CG1600890";"A1250";"27004";4000;"05/07/2016";
"CG2600317";"A4121H";"27004";300;"04/03/2026";
"CG2600514";"E1555";"16024";50000;"14/04/2026";
"CG2600476";"E1657";"21038";5000;"27/03/2026";
"CG2600614";"E2906";"26511";480;"24/04/2026";
"CG2600692";"E1658";"21038";700;"17/04/2026";
"CG2600652";"A1228E01";"16012";3600;"17/04/2026";
"CG2600540";"A4255M01";"16012";280;"02/04/2026";
"CG2600202";"E3180";"21181";2;"03/03/2026";
"CG2600682";"A1254";"16012";4800;"23/04/2026";
"CG2600555";"A1259E02";"16012";1120;"09/04/2026";
"CG2600652";"A1259E02";"16012";1120;"17/04/2026";
"CG2600681";"A1220";"16012";4800;"17/04/2026";
"CG2600590";"7520ZLT";"59091";50;"01/04/2026";
"CG2600457";"7520ZLT";"59091";20;"26/03/2026";
"CG2600458";"7520ZLT";"59091";15;"26/03/2026";
"CG2600409";"23869AL";"10002";2000;"02/07/2026";
"CG2600455";"23869AL";"40015";2000;"14/07/2026";
"CG2600381";"A7347";"11033";2200;"19/03/2026";
"CG2600680";"A7352E01";"16012";2400;"16/04/2026";
"CG2600571";"A7352E01";"16012";9600;"16/04/2026";
"CG2600681";"A7352E01";"16012";7200;"20/04/2026";
"CG2600714";"A7352E01";"16012";9600;"21/04/2026";
"CG2600427";"A7352E01";"16012";9600;"26/03/2026";
"CG2600680";"A7352E02";"16012";2520;"21/04/2026";
"CG2600541";"A7352E02";"16012";2520;"07/04/2026";
"CG2600389";"A7352E02";"16012";2520;"30/03/2026";
"CG2600683";"A7362L10";"11518";48000;"22/04/2026";
"CG2600664";"A7355E01";"16012";16128;"21/04/2026";
"CG2600402";"A7355E01";"16012";16128;"26/03/2026";
"CG2600541";"A7355E01";"16012";16128;"07/04/2026";
"CG2600445";"A7355E01";"16012";16128;"30/03/2026";
"CG2600715";"A7355E01";"16012";16128;"28/04/2026";
"CG2600122";"A7421";"10054";12600;"19/05/2026";
"CG2600527";"7434ZLT";"59091";8;"01/04/2026";
"CG2600651";"7435ZLT";"59091";4;"16/04/2026";
"CG2600683";"A7382";"11518";30000;"15/04/2026";
"CG2600529";"A7382";"11518";30000;"25/03/2026";
"CG2600606";"7431ZLT";"59091";3;"10/04/2026";
"CG2600378";"A7383";"11518";9100;"18/03/2026";
"CG2600683";"A7383";"11518";33600;"22/04/2026";
"CG2600615";"A7386";"10504";51000;"13/04/2026";
"CG2600683";"A7364";"11518";60000;"22/04/2026";
"CG2600662";"A7375L08";"14532";38400;"15/04/2026";
"CG2600327";"A7323";"10054";1600;"22/04/2026";
"CG2600676";"A7323";"10054";2100;"28/05/2026";
"CG2600327";"A7323";"10054";500;"24/03/2026";
"CG2600676";"A7324";"10054";2100;"23/04/2026";
"CG2600479";"A7401";"14532";17600;"03/04/2026";
"CG2600664";"A7402";"16012";11160;"13/04/2026";
"CG2600388";"A7402";"16012";5400;"01/04/2026";
"CG2600388";"A7402";"16012";5400;"01/04/2026";
"CG2600715";"A7402";"16012";5400;"28/04/2026";
"CG2600724";"A7402";"16012";5400;"04/05/2026";
"CG2600594";"A7402";"16012";5400;"14/04/2026";
"CG2600632";"A7402";"16012";5400;"07/04/2026";
"CG2600427";"A7402";"16012";5400;"14/04/2026";
"CG2600664";"A7403";"16012";5376;"21/04/2026";
"CG2600388";"A7403";"16012";5376;"01/04/2026";
"CG2600715";"A7403";"16012";5376;"28/04/2026";
"CG2600632";"A7403";"16012";5376;"14/04/2026";
"CG2600427";"A7403";"16012";5376;"20/04/2026";
"CG2600684";"A7387";"10504";51000;"13/04/2026";
"CG2600653";"A7398E01";"16012";5760;"14/04/2026";
"CG2600354";"A7398E01";"16012";1440;"24/03/2026";
"CG2600426";"A7398E01";"16012";5760;"30/03/2026";
"CG2600571";"A7398E01";"16012";6480;"02/04/2026";
"CG2600693";"A7398E01";"16012";6480;"20/04/2026";
"CG2600715";"A7398E01";"16012";6480;"28/04/2026";
"CG2600701";"7180ZLT";"59091";12;"23/04/2026";
"CG2600639";"A4323";"11033";5000;"16/04/2026";
"CG2501896";"C6780";"26533";292;"02/03/2026";
"CG2600641";"A5719L01";"27004";42000;"14/04/2026";
"CG2600709";"A5720";"27004";50000;"05/05/2026";
"CG2600653";"A5721";"16012";22400;"17/04/2026";
"CG2600652";"A4582U";"16012";7680;"16/04/2026";
"CG2600402";"A4582U";"16012";7680;"26/03/2026";
"CG2600540";"A4582U";"16012";5760;"02/04/2026";
"CG2600705";"A5711";"11033";1024;"07/05/2026";
"CG2600540";"A4659";"16012";2100;"02/04/2026";
"CG2600607";"A4167E01";"16012";4200;"10/04/2026";
"CG2600607";"A4167E01";"16012";4200;"17/04/2026";
"CG2600481";"A4167E01";"16012";4200;"26/03/2026";
"CG2600516";"A4167E01";"16012";4200;"02/04/2026";
"CG2600680";"A5634";"16012";3120;"22/04/2026";
"CG2600498";"A5655";"11518";1152;"26/03/2026";
"CG2600717";"A5655";"11518";1152;"29/04/2026";
"CG2600338";"A5669";"27004";4992;"14/04/2026";
"CG2600235";"A5669";"27004";1820;"31/03/2026";
"CG2600716";"A5669";"27004";4992;"27/05/2026";
"CG2600014";"K3437";"10512";20000;"13/05/2026";
"CG2600425";"A5647H01";"11518";30;"11/03/2026";
"CG2600632";"A5717";"16012";10920;"14/04/2026";
"CG2600544";"A4662";"10504";2000;"03/04/2026";
"CG2600466";"A4168";"16012";3500;"26/03/2026";
"CG2600516";"A4168";"16012";7000;"31/03/2026";
"CG2600681";"A4168";"16012";7000;"22/04/2026";
"CG2600594";"A4168";"16012";7000;"09/04/2026";
"CG2600531";"A4169H01";"27004";12000;"07/04/2026";
"CG2600523";"A5635";"16012";2880;"02/04/2026";
"CG2600594";"A5635";"16012";2880;"09/04/2026";
"CG2600432";"K4280";"10512";10000;"01/04/2026";
"CG2600641";"A4169H02";"27004";1800;"14/04/2026";
"CG2600482";"A4169H02";"27004";1200;"24/03/2026";
"CG2600709";"A4169H02";"27004";600;"28/04/2026";
"CG2600531";"A4169H02";"27004";1800;"07/04/2026";
"CG2600440";"A4169H02";"27004";600;"24/03/2026";
"CG2600641";"A4169H03";"27004";1200;"14/04/2026";
"CG2600709";"A4169H03";"27004";1200;"28/04/2026";
"CG2600463";"A4169H03";"27004";1200;"24/03/2026";
"CG2600531";"A4169H03";"27004";1200;"07/04/2026";
"CG2600647";"K4699";"14010";24;"30/03/2026";
"CG2600330";"A4260";"17014";6750;"01/04/2026";
"CG2600330";"A4260";"17014";5250;"13/04/2026";
"CG2600587";"A4260";"17014";12000;"26/05/2026";
"CG2600556";"A4265H";"11033";4000;"02/04/2026";
"CG2600697";"A3609";"16017";4000;"20/05/2026";
"CG2600439";"A2018E";"17036";2400;"25/03/2026";
"CG2600657";"E2878";"11519";1800;"15/05/2026";
"CG2600211";"E2878";"11519";1800;"03/04/2026";
"CG2600382";"E2878";"11519";1800;"13/04/2026";
"CG2600670";"A2688";"17036";3200;"15/04/2026";
"CA2400171";"DIV-COMPOSANT";"17505";3000;"27/11/2024";
"CH2500581";"DIV-COMPOSANT";"10002";576;"19/09/2025";
"CH2400368";"DIV-DIVERS";"11035";1;"13/09/2024";
"CH2400338";"DIV-DIVERS";"11035";1;"03/09/2024";
"CA2000033";"DIV-DIVERS";"10053";1;"20/05/2020";
"CG2600670";"A2690E04";"17036";2400;"15/04/2026";
"CG2600570";"A2690E04";"17036";2400;"25/03/2026";
"CG2600528";"A4111H01";"15006";40000;"02/04/2026";
"CG2600317";"A4121E";"27004";864;"10/03/2026";
"CG2600438";"A4121E";"27004";4320;"24/03/2026";
"CG2600709";"A4121E";"27004";4320;"14/04/2026";
"CG2600570";"A2691E02";"17036";3200;"25/03/2026";
"CG2600469";"A3372";"17014";500;"11/05/2026";
"CG2600601";"E3752";"26511";480;"27/03/2026";
"CG2600652";"A4122U";"16012";5670;"17/04/2026";
"CG2600639";"A3192";"11033";1000;"23/04/2026";
"CG2600599";"A3369";"11033";684;"26/03/2026";
"CG2600571";"A1996H04";"16012";2800;"07/04/2026";
"CG2600715";"A1996H04";"16012";2800;"20/04/2026";
"CG2600580";"A4112";"15006";29000;"23/04/2026";
"CG2600580";"A4112";"15006";3000;"17/04/2026";
"CG2600656";"A4114";"15006";20000;"23/04/2026";
"CG2600271";"A4114";"15006";2750;"12/03/2026";
"CG2600664";"A1313";"16012";1080;"07/04/2026";
"CG2600476";"E3741";"21038";700;"27/03/2026";
"CG2600680";"A1224";"16012";8000;"16/04/2026";
"CG2600557";"B4259";"17507";16428;"16/04/2026";
"CG2600440";"A2596";"27004";1000;"31/03/2026";
"CG2600722";"D6065";"12508";5000;"14/04/2026";
"CG2600663";"B3610";"11028";6000;"13/04/2026";
"CS2600001";"CE4480S";"19001";180;"28/05/2026";
"CG2600600";"B3381";"17507";2420;"21/04/2026";
"CS2500032";"CE4091S";"17505";4200;"19/05/2026";
"CS2600010";"CE4091S";"17505";1200;"15/09/2026";
"CS2500026";"CE4091S";"17505";4200;"22/04/2026";
"CS2600005";"CE4092S";"17505";3000;"12/06/2026";
"CS2400016";"CE4092S";"17505";1800;"25/03/2026";
"CG2600651";"7510ZLT";"59091";2;"16/04/2026";
"CG2600034";"B3611";"17530";18;"09/02/2026";
"CG2600548";"B7555";"11028";600;"02/04/2026";
"CG2600714";"A4255Q01";"16012";280;"20/04/2026";
"CG2600551";"B1338";"11025";4000;"22/04/2026";
"CG2600649";"B5496";"17507";72800;"04/05/2026";
"CG2600428";"B5496";"17507";43680;"17/04/2026";
"CG2600428";"B5496";"17507";29120;"07/04/2026";
"CG2600475";"B4195";"13009";6000;"07/04/2026";
"CG2600017";"B4256";"17507";1500;"25/02/2026";
"CG2600428";"B2040";"17507";7227;"07/04/2026";
"CG2600663";"B2142";"11028";10000;"13/04/2026";
"CG2600336";"B7379";"10055";20000;"11/05/2026";
"CG2600649";"B6793";"17507";14000;"22/04/2026";
"CG2600435";"B6793";"40017";4000;"25/03/2026";
"CG2600435";"B6794";"40017";2496;"25/03/2026";
"CG2600633";"B6794";"40017";2496;"16/04/2026";
"CG2600359";"B4123";"17507";37500;"03/04/2026";
"CG2600539";"A1597Z01";"17036";5000;"01/04/2026";
"CG2600663";"B4916";"11028";15600;"20/04/2026";
"CS2600009";"AA4596S";"27004";6336;"16/04/2026";
"CG2600539";"A1563Z";"17036";1824;"01/04/2026";
"CG2600664";"A1692E01";"16012";11648;"14/04/2026";
"CG2600481";"A1692E01";"16012";11648;"26/03/2026";
"CG2600481";"A1692N01";"16012";5824;"26/03/2026";
"CG2600482";"A1712E01";"27004";4200;"31/03/2026";
"CG2600661";"A1597E02";"17036";5000;"15/04/2026";
"CG2600568";"A1260L";"11518";10000;"02/04/2026";
"CG2600670";"A1564E";"17036";8000;"15/04/2026";
"CG2600623";"A1564E";"17036";8000;"25/03/2026";
"CG2600555";"A1714";"16012";5600;"03/04/2026";
"CG2600661";"A1596E";"17036";5000;"15/04/2026";
"CG2600693";"A1716";"16012";10000;"20/04/2026";
"CG2600453";"A1285";"11518";5000;"23/03/2026";
"CG2600632";"A1710";"16012";2160;"14/04/2026";
"CG2600539";"A1564Z";"17036";1000;"01/04/2026";
"CG2600670";"A1565E01";"17036";9120;"15/04/2026";
"CG2600570";"A1565E01";"17036";9120;"01/04/2026";
"CG2600559";"A1566E";"12015";19600;"07/04/2026";
"CG2600539";"A1565Z01";"17036";1824;"01/04/2026";
"CG2600681";"A1692W01";"16012";5824;"22/04/2026";
"CG2600540";"A1692Z01";"16012";2912;"02/04/2026";
"CG2600570";"A1563E";"17036";9120;"01/04/2026";
"CG2600670";"A1563E";"17036";9120;"15/04/2026";
"CG2600652";"A1996C05";"16012";5600;"17/04/2026";
"CG2600523";"A1996C05";"16012";4200;"02/04/2026";
"CA1900095";"B6840";"17507";6;"19/07/2019";
"CG2600594";"A1692B01";"16012";5824;"13/04/2026";
"CG2600523";"A1259E03";"16012";1120;"02/04/2026";
"CG2600682";"A1259E03";"16012";1120;"23/04/2026";
"CG2600664";"A1259E05";"16012";5184;"14/04/2026";
"CS2500025";"CE3585S";"17505";2304;"18/03/2026";
"CG2600520";"7506ZLT";"59091";8;"01/04/2026";
"CG2600606";"7506ZLT";"59091";8;"10/04/2026";
"CG2600651";"7507ZLT";"59091";12;"16/04/2026";
"CG2200527";"CE6176";"17505";160;"18/01/2023";
"CG2600445";"A5528";"16012";2304;"24/03/2026";
"CG2600594";"A5528";"16012";2304;"09/04/2026";
"CG2600504";"A4187";"16012";2400;"31/03/2026";
"CG2600597";"A4170";"27004";15000;"14/04/2026";
"CG2600440";"A4170";"27004";15000;"24/03/2026";
"CG2600709";"A4172";"27004";20000;"21/04/2026";
"CG2600463";"A4172";"27004";20000;"24/03/2026";
"CG2600500";"A4190";"11033";3480;"02/04/2026";
"CG2600442";"A4190";"11033";3480;"26/03/2026";
"CG2600620";"A4190";"11033";3480;"16/04/2026";
"CG2600630";"A6799H02";"11518";100;"27/03/2026";
"CG2600466";"A6813";"16012";4800;"26/03/2026";
"CG2600540";"A4122C";"16012";1890;"02/04/2026";
"CG1701395";"A4173E02";"15006";726;"21/09/2017";
"CG2600656";"A4553E01";"15006";2304;"30/04/2026";
"CG2600430";"A4553E01";"15006";2304;"02/04/2026";
"CG2600526";"A7250E03";"11518";1080;"01/04/2026";
"CG2600656";"A4553E02";"15006";1152;"23/04/2026";
"CG2600430";"A4553E02";"15006";1152;"27/03/2026";
"CG2600552";"A4680C02";"15006";5000;"26/03/2026";
"CG2600504";"A4200";"16012";6000;"31/03/2026";
"CG2600717";"A4174";"11518";18000;"22/04/2026";
"CG2600425";"A4174";"11518";18000;"25/03/2026";
"CG2600498";"A4175";"11518";18000;"26/03/2026";
"CG2600717";"A4175";"11518";18000;"22/04/2026";
"CG2600425";"A4176";"11518";18000;"25/03/2026";
"CG2600498";"A4177";"11518";18000;"27/03/2026";
"CG2600607";"A4582C";"16012";1920;"10/04/2026";
"CG2600339";"A4951";"16524";801;"23/04/2026";
"CG2600656";"A4182";"15006";20000;"16/04/2026";
"CG2600528";"A4185";"15006";20000;"16/04/2026";
"CG2600641";"A4581E01";"27004";3840;"21/04/2026";
"CG2600489";"A4581E01";"27004";3840;"31/03/2026";
"CG2502305";"A4581E01";"16012";3840;"30/03/2026";
"CG2600709";"A4581E01";"27004";3840;"28/04/2026";
"CG2600716";"A4581E01";"27004";3840;"05/05/2026";
"CG2600593";"A4581E01";"27004";3840;"09/04/2026";
"CG2600641";"A4581E02";"27004";3840;"21/04/2026";
"CG2600489";"A4581E02";"27004";3840;"31/03/2026";
"CG2600438";"A4581E02";"27004";3840;"24/03/2026";
"CA1300173";"DIV_MOULE";"11033";1;"10/12/2013";
"CA1300174";"DIV_MOULE";"11033";1;"10/12/2013";
"CA1300179";"DIV_MOULE";"11033";1;"10/12/2013";
"CA1300175";"DIV_MOULE";"11033";1;"10/12/2013";
"CA1300176";"DIV_MOULE";"11033";1;"10/12/2013";
"CA1300177";"DIV_MOULE";"11033";1;"10/12/2013";
"CA1300178";"DIV_MOULE";"11033";1;"10/12/2013";
"CA1000039";"DIV_MOULE";"16012";1;"07/04/2010";
"CA1000053";"DIV_MOULE";"10024";1;"22/04/2010";
"CA1000059";"DIV_MOULE";"17036";1;"11/05/2010";
"CA1000063";"DIV_MOULE";"10024";1;"19/05/2010";
"CA1000066";"DIV_MOULE";"15006";1;"11/06/2010";
"CA1100033";"DIV_MOULE";"15501";1;"11/03/2011";
"CA1100037";"DIV_MOULE";"17036";1;"15/03/2011";
"CA1100038";"DIV_MOULE";"27004";1;"30/03/2011";
"CA1000066";"DIV_MOULE";"15006";1;"11/06/2010";
"CA1100053";"DIV_MOULE";"11032";1;"18/04/2011";
"CA1100054";"DIV_MOULE";"11032";1;"09/05/2011";
"CA1200039";"DIV_MOULE";"10024";1;"16/03/2012";
"CA1200046";"DIV_MOULE";"11028";1;"29/03/2012";
"CA1200052";"DIV_MOULE";"16012";1;"06/04/2012";
"CA1200052";"DIV_MOULE";"16012";1;"06/04/2012";
"CA1300031";"DIV_MOULE";"16012";1;"12/03/2013";
"CA1300032";"DIV_MOULE";"11004";1;"29/03/2013";
"CA1300137";"DIV_MOULE";"17036";1;"23/10/2013";
"CA2000116";"DIV_MOULE";"17036";1;"10/11/2020";
"CA2000117";"DIV_MOULE";"20300";3;"29/10/2020";
"CA0900151";"DIV_MOULE";"16012";1;"26/10/2009";
"CA0900189";"DIV_MOULE";"13005";1;"15/12/2009";
"CA1000014";"DIV_MOULE";"10024";1;"02/02/2010";
"CA1000117";"DIV_MOULE";"10024";1;"08/10/2010";
"CA1000142";"DIV_MOULE";"10517";1;"17/11/2010";
"CA1000143";"DIV_MOULE";"10517";1;"17/11/2010";
"CA1000144";"DIV_MOULE";"11025";1;"23/11/2010";
"CA0900188";"DIV_MOULE";"13005";1;"15/12/2009";
"CA0900201";"DIV_MOULE";"10024";1;"09/12/2009";
"CA0900202";"DIV_MOULE";"10024";1;"20/01/2010";
"CA1000173";"DIV_MOULE";"16012";1;"15/12/2010";
"CA1000185";"DIV_MOULE";"15006";1;"19/01/2011";
"CA1000189";"DIV_MOULE";"15006";1;"23/02/2011";
"CA1000190";"DIV_MOULE";"16517";1;"04/01/2011";
"CA1100001";"DIV_MOULE";"17036";1;"02/02/2011";
"CA1100002";"DIV_MOULE";"16012";1;"03/02/2011";
"CA1100003";"DIV_MOULE";"27004";1;"03/02/2011";
"CA1000017";"DIV_MOULE";"13008";1;"10/02/2010";
"CA1000081";"DIV_MOULE";"13005";1;"29/06/2010";
"CA1100074";"DIV_MOULE";"16012";1;"10/05/2011";
"CA1100075";"DIV_MOULE";"19001";1;"06/07/2011";
"CA1100080";"DIV_MOULE";"11032";1;"12/05/2011";
"CA1000110";"DIV_MOULE";"17036";1;"29/09/2010";
"CA1100094";"DIV_MOULE";"27004";1;"27/05/2011";
"CA1100095";"DIV_MOULE";"10024";1;"20/05/2011";
"CA1100096";"DIV_MOULE";"10024";1;"27/05/2011";
"CA1100132";"DIV_MOULE";"16012";1;"16/06/2011";
"CA1100133";"DIV_MOULE";"16012";1;"16/06/2011";
"CA1100134";"DIV_MOULE";"16012";1;"16/06/2011";
"CA1000186";"DIV_MOULE";"17036";1;"25/01/2011";
"CA1000187";"DIV_MOULE";"27004";1;"13/01/2011";
"CA1100165";"DIV_MOULE";"16012";1;"21/07/2011";
"CA1000076";"DIV_MOULE";"17036";1;"23/06/2010";
"CA1100385";"DIV_MOULE";"16012";1;"19/12/2011";
"CA1100405";"DIV_MOULE";"17036";1;"25/01/2012";
"CA1100406";"DIV_MOULE";"17036";1;"24/02/2012";
"CA1200004";"DIV_MOULE";"16012";1;"03/02/2012";
"CA1200006";"DIV_MOULE";"13014";1;"14/02/2012";
"CA1100376";"DIV_MOULE";"10504";1;"17/01/2012";
"CA1100384";"DIV_MOULE";"16012";1;"19/12/2011";
"CA1200146";"DIV_MOULE";"16012";1;"14/09/2012";
"CA1200147";"DIV_MOULE";"16012";1;"27/09/2012";
"CA1200164";"DIV_MOULE";"16012";1;"26/10/2012";
"CA1200033";"DIV_MOULE";"10024";1;"27/02/2012";
"CA1300014";"DIV_MOULE";"16012";1;"22/02/2013";
"CA1200141";"DIV_MOULE";"15006";1;"31/08/2012";
"CA1200148";"DIV_MOULE";"16012";1;"12/10/2012";
"CA1300033";"DIV_MOULE";"11004";1;"29/03/2013";
"CA1300034";"DIV_MOULE";"17036";1;"17/04/2013";
"CA1300034";"DIV_MOULE";"17036";1;"17/04/2013";
"CA1300034";"DIV_MOULE";"17036";1;"17/04/2013";
"CA1300034";"DIV_MOULE";"17036";1;"17/04/2013";
"CA1300035";"DIV_MOULE";"15006";1;"05/04/2013";
"CA1300036";"DIV_MOULE";"27004";1;"15/04/2013";
"CA1200072";"DIV_MOULE";"16012";1;"29/06/2012";
"CA1400096";"DIV_MOULE";"16502";1;"15/07/2014";
"CA2100104";"DIV_MOULE";"20300";1;"15/06/2021";
"CA2100104";"DIV_MOULE";"20300";1;"15/06/2021";
"CA2100104";"DIV_MOULE";"20300";1;"15/06/2021";
"CA1400147";"DIV_MOULE";"16012";1;"30/10/2014";
"CA1500004";"DIV_MOULE";"27004";1;"06/02/2015";
"CA1500005";"DIV_MOULE";"27004";1;"04/02/2015";
"CA1700048";"DIV_MOULE";"11518";1;"05/04/2017";
"CA1800166";"DIV_MOULE";"27004";1;"10/10/2018";
"CA2100223";"DIV_MOULE";"15006";1;"07/01/2022";
"CA2200037";"DIV_MOULE";"16012";1;"28/02/2022";
"CA2100096";"DIV_MOULE";"16012";1;"10/06/2021";
"CA2100096";"DIV_MOULE";"16012";1;"10/06/2021";
"CA2100096";"DIV_MOULE";"16012";1;"10/06/2021";
"CA2100096";"DIV_MOULE";"16012";1;"10/06/2021";
"CA2100064";"DIV_MOULE";"27004";1;"15/04/2021";
"CA2100065";"DIV_MOULE";"17036";1;"14/05/2021";
"CA2100092";"DIV_MOULE";"16012";1;"26/07/2021";
"CA2100098";"DIV_MOULE";"16033";1;"16/06/2021";
"CA2100099";"DIV_MOULE";"15006";1;"19/07/2021";
"CA2100100";"DIV_MOULE";"10504";1;"19/07/2021";
"CG1100221";"DIV_MOULE";"16012";1;"30/03/2011";
"CG1100340";"DIV_MOULE";"16012";1;"24/02/2011";
"CG1202037";"DIV_MOULE";"27004";1;"14/09/2012";
"CG1901824";"DIV_OUTIL";"17505";1;"22/07/2020";
"CG1800886";"DIV_OUTIL";"15004";1;"14/12/2018";
"CG2000270";"DIV_OUTIL";"20100";1;"12/03/2020";
"CP1100001";"DIV_OUTIL";"14010";1;"13/12/2011";
"CA1300045";"DIV_OUTIL";"15505";1;"24/05/2013";
"CA1300045";"DIV_OUTIL";"15505";1;"24/05/2013";
"CA1300183";"DIV_OUTIL";"17036";1;"15/01/2014";
"CA1100187";"DIV_OUTIL";"16012";1;"08/09/2011";
"CA1200038";"DIV_OUTIL";"10024";1;"16/03/2012";
"CA1300075";"DIV_OUTIL";"16012";1;"04/07/2013";
"CA1300076";"DIV_OUTIL";"16012";1;"11/07/2013";
"CA1300079";"DIV_OUTIL";"13014";1;"19/07/2013";
"CA1200214";"DIV_OUTIL";"27004";1;"11/01/2013";
"CA1300091";"DIV_OUTIL";"17507";1;"02/07/2013";
"CA1300122";"DIV_OUTIL";"16012";1;"27/08/2013";
"CA1300122";"DIV_OUTIL";"16012";1;"27/08/2013";
"CA1300043";"DIV_OUTIL";"27004";1;"12/04/2013";
"CA1300044";"DIV_OUTIL";"17036";1;"17/05/2013";
"CA1300081";"DIV_OUTIL";"16012";1;"20/06/2013";
"CA1100099";"DIV_OUTIL";"10044";1;"01/06/2011";
"CA1100106";"DIV_OUTIL";"10024";1;"27/05/2011";
"CA1100107";"DIV_OUTIL";"10024";1;"27/05/2011";
"CA1100123";"DIV_OUTIL";"16012";1;"30/06/2011";
"CA1100139";"DIV_OUTIL";"19001";1;"05/07/2011";
"CA1100164";"DIV_OUTIL";"13005";1;"02/02/2012";
"CA1100209";"DIV_OUTIL";"15507";1;"16/09/2011";
"CA1100210";"DIV_OUTIL";"15507";1;"16/09/2011";
"CA1100219";"DIV_OUTIL";"16021";1;"27/09/2011";
"CA1100230";"DIV_OUTIL";"17036";1;"19/10/2011";
"CA1100231";"DIV_OUTIL";"16012";1;"13/10/2011";
"CA1100236";"DIV_OUTIL";"10024";1;"11/10/2011";
"CA1100237";"DIV_OUTIL";"10024";1;"11/10/2011";
"CA1100276";"DIV_OUTIL";"10024";1;"12/10/2011";
"CA1100279";"DIV_OUTIL";"16012";1;"24/10/2011";
"CA1100280";"DIV_OUTIL";"16012";1;"24/10/2011";
"CA1100282";"DIV_OUTIL";"17505";2;"08/11/2011";
"CA1100283";"DIV_OUTIL";"17505";1;"20/10/2011";
"CA1100137";"DIV_OUTIL";"19001";1;"13/07/2011";
"CA1100138";"DIV_OUTIL";"19001";1;"13/07/2011";
"CA1100311";"DIV_OUTIL";"17505";6594;"03/11/2011";
"CA1100208";"DIV_OUTIL";"15507";1;"16/09/2011";
"CA1100218";"DIV_OUTIL";"16021";1;"27/09/2011";
"CA1100359";"DIV_OUTIL";"21007";1;"13/12/2011";
"CA1100373";"DIV_OUTIL";"11004";1;"09/12/2011";
"CA1100373";"DIV_OUTIL";"11004";1;"09/12/2011";
"CA1100374";"DIV_OUTIL";"11004";1;"09/12/2011";
"CA1100374";"DIV_OUTIL";"11004";1;"09/12/2011";
"CA1100232";"DIV_OUTIL";"16012";1;"13/10/2011";
"CA1100286";"DIV_OUTIL";"17505";1;"25/10/2011";
"CA1100296";"DIV_OUTIL";"16012";1;"08/12/2011";
"CA1200005";"DIV_OUTIL";"16504";1;"31/01/2012";
"CA1200005";"DIV_OUTIL";"16504";1;"31/01/2012";
"CA1200025";"DIV_OUTIL";"17505";1;"13/02/2012";
"CA1200026";"DIV_OUTIL";"17505";1;"13/02/2012";
"CA1100356";"DIV_OUTIL";"21007";1;"13/12/2011";
"CA1100357";"DIV_OUTIL";"21007";1;"13/12/2011";
"CA1100358";"DIV_OUTIL";"21007";1;"13/12/2011";
"CA1100367";"DIV_OUTIL";"11032";1;"07/12/2011";
"CA1100368";"DIV_OUTIL";"11032";1;"07/12/2011";
"CA1200085";"DIV_OUTIL";"11028";1;"05/07/2012";
"CA1100375";"DIV_OUTIL";"16012";1;"11/01/2012";
"CA1100382";"DIV_OUTIL";"11032";1;"12/01/2012";
"CA1200112";"DIV_OUTIL";"16021";1;"18/07/2012";
"CA1200112";"DIV_OUTIL";"16021";1;"18/07/2012";
"CA1200114";"DIV_OUTIL";"16021";1;"18/07/2012";
"CA1200122";"DIV_OUTIL";"16021";1;"31/08/2012";
"CA1200122";"DIV_OUTIL";"16021";1;"31/08/2012";
"CA1200127";"DIV_OUTIL";"17505";1;"05/09/2012";
"CA1100407";"DIV_OUTIL";"13005";1;"18/01/2012";
"CA1200001";"DIV_OUTIL";"17036";1;"01/02/2012";
"CA1200022";"DIV_OUTIL";"17036";1;"07/03/2012";
"CA1200154";"DIV_OUTIL";"11033";1;"11/09/2012";
"CA1200157";"DIV_OUTIL";"15006";1;"28/09/2012";
"CA1200030";"DIV_OUTIL";"10024";1;"14/03/2012";
"CA1200163";"DIV_OUTIL";"16012";1;"25/10/2012";
"CA1200032";"DIV_OUTIL";"16012";1;"01/03/2012";
"CA1200055";"DIV_OUTIL";"16021";1;"03/05/2012";
"CA1200057";"DIV_OUTIL";"15507";1;"27/04/2012";
"CA1100343";"DIV_OUTIL";"17036";1;"12/12/2011";
"CA1200065";"DIV_OUTIL";"16024";1;"30/05/2012";
"CA1200066";"DIV_OUTIL";"16024";1;"30/05/2012";
"CA1200188";"DIV_OUTIL";"17036";1;"26/10/2012";
"CA1200189";"DIV_OUTIL";"19001";1;"14/12/2012";
"CA1200190";"DIV_OUTIL";"19001";1;"14/12/2012";
"CA1200192";"DIV_OUTIL";"19001";1;"14/12/2012";
"CA1200193";"DIV_OUTIL";"15004";1100;"16/11/2012";
"CA1200200";"DIV_OUTIL";"16012";1;"26/11/2012";
"CA1300002";"DIV_OUTIL";"27004";1;"23/01/2013";
"CA1300005";"DIV_OUTIL";"13008";1;"27/03/2013";
"CA1200114";"DIV_OUTIL";"16021";1;"18/07/2012";
"CA1200118";"DIV_OUTIL";"16012";1;"26/07/2012";
"CA1200119";"DIV_OUTIL";"17036";1;"20/07/2012";
"CA1200150";"DIV_OUTIL";"13005";1;"26/09/2012";
"CA1200151";"DIV_OUTIL";"16012";1;"26/09/2012";
"CA1200064";"DIV_OUTIL";"16024";1;"30/05/2012";
"CA1200073";"DIV_OUTIL";"16012";1;"29/06/2012";
"CA2000091";"DIV_OUTIL";"19001";1;"27/11/2020";
"CA2000160";"DIV_OUTIL";"11512";2;"08/01/2021";
"CA1400102";"DIV_OUTIL";"22006";1;"01/09/2014";
"CA1500060";"DIV_OUTIL";"15505";1;"18/06/2015";
"CA2100105";"DIV_OUTIL";"17036";1;"30/07/2021";
"CA1400130";"DIV_OUTIL";"16012";1;"02/10/2014";
"CA1400148";"DIV_OUTIL";"16012";1;"30/10/2014";
"CA1400155";"DIV_OUTIL";"17036";1;"19/11/2114";
"CA1500218";"DIV_OUTIL";"16012";1;"13/11/2015";
"CA1500201";"DIV_OUTIL";"16012";1;"16/11/2015";
"CA1500208";"DIV_OUTIL";"17507";1;"07/12/2015";
"CA1500226";"DIV_OUTIL";"16012";1;"09/12/2015";
"CA1500227";"DIV_OUTIL";"16012";1;"16/12/2015";
"CA1500242";"DIV_OUTIL";"11033";1;"16/12/2015";
"CA1700088";"DIV_OUTIL";"17507";1;"02/05/2017";
"CA1800012";"DIV_OUTIL";"21007";1;"15/02/2018";
"CA1800012";"DIV_OUTIL";"21007";1;"15/02/2018";
"CA1800002";"DIV_OUTIL";"21007";1;"02/02/2018";
"CA1800002";"DIV_OUTIL";"21007";1;"02/02/2018";
"CA1800002";"DIV_OUTIL";"21007";1;"02/02/2018";
"CA1900095";"DIV_OUTIL";"17507";1;"15/07/2019";
"CA1900169";"DIV_OUTIL";"22027";1;"19/09/2019";
"CA1900095";"DIV_OUTIL";"17507";1;"15/07/2019";
"CA1900095";"DIV_OUTIL";"17507";1;"11/07/2019";
"CA2000091";"DIV_OUTIL";"19001";1;"08/10/2020";
"CA2100169";"DIV_OUTIL";"17047";1;"13/09/2021";
"CA2100095";"DIV_OUTIL";"11518";1;"14/06/2021";
"CA2100066";"DIV_OUTIL";"26533";1;"26/04/2021";
"CG1400999";"DIV_OUTIL";"24659";1;"03/09/2014";
"COA2400002";"A4944";"16524";270;"26/05/2025";
"CG2600339";"A4952";"16524";2048;"23/04/2026";
"CG2600631";"A4255U01";"16012";3360;"13/04/2026";
"CG2600631";"A6806U04";"16012";1536;"13/04/2026";
"CG2600653";"A4186H01";"16012";3500;"17/04/2026";
"CA1100285";"DIV-MATPREM";"17505";2230;"18/10/2011";
"CA1100285";"DIV-MATPREM";"17505";2036;"18/10/2011";
"CA1500156";"DIV-MATPREM";"17505";1;"22/07/2015";
"CG2501140";"A4500";"16017";5000;"11/05/2026";
"CG2600445";"A5495";"16012";64512;"24/03/2026";
"CG2600715";"A5495";"16012";64512;"28/04/2026";
"CG2600578";"E6216";"17534";24;"03/04/2026";
"CG2502146";"CE4607";"17505";1440;"01/07/2026";
"CG2600268";"CE5665";"17505";400;"03/07/2026";
"CG2600262";"U6361";"10052";800;"25/03/2026";
"CG2600262";"U6361";"10052";200;"25/03/2026";
"CG2600707";"U2676";"22502";1000;"16/04/2026";
"CG2600616";"K1353";"10512";5000;"01/04/2026";
"CG2600350";"11089203";"40005";19900;"25/02/2026";
"CG2600637";"11085261";"40034";720;"30/03/2026";
"CG2600694";"11085261";"40034";720;"07/04/2026";
"CG2600703";"11019984";"15006";1140;"02/04/2026";
"CG2600369";"11019873";"15006";720;"26/03/2026";
"CG2600656";"11019870";"15006";1350;"23/04/2026";
"CG2501572";"CE7389-02";"17505";12800;"13/05/2026";
"CG2600268";"CE7389-02";"17505";12800;"12/10/2026";
"CG2600710";"CE7389-02";"17505";12800;"20/11/2026";
"CG2502147";"CE7389-02";"17505";12800;"05/08/2026";
"CG2502145";"CE7389-02";"17505";25600;"17/06/2026";
"CG2600396";"CE7389-02";"17505";12800;"19/10/2026";
"CG2600079";"CE7389-02";"17505";12800;"09/09/2026";
"CG2502093";"CE7389-02";"17505";12800;"29/07/2026";
"CG2600604";"11019971";"15006";598;"23/03/2026";
"CG2600474";"A7562";"11033";160;"02/04/2026";
"CG2600442";"A7562";"11033";160;"02/04/2026";
"CG2502293";"C5372";"13012";8100;"24/03/2026";
"CG2600613";"C6033";"10049";270;"27/03/2026";
"CG2600619";"C7482";"26533";50;"01/04/2026";
"CG2600397";"K7491";"17051";2;"05/05/2026";
"CG2600179";"K7491";"17051";2;"03/04/2026";
"CG2600397";"K7491";"17051";2;"28/04/2026";
"CG2600558";"F1572";"14010";48;"30/03/2026";
"CG2600616";"K5199";"10512";2000;"01/04/2026";
"FP2600026";"XFP0009";"21007";60;"03/04/2026";
"CG2600612";"I2756";"19003";5000;"02/04/2026";
"CG2600290";"K1352";"14507";30000;"26/06/2026";
"CG2600543";"E7271";"15011";525;"10/04/2026";
"CG2600308";"E7253";"15507";1000;"25/03/2026";
"CG2600569";"E7253";"15507";1000;"15/04/2026";
"CG2502324";"E4719";"15507";320;"16/03/2026";
"CG2600609";"K4102";"22027";4000;"03/04/2026";
"CG2600478";"E7147";"15507";10800;"27/04/2026";
"CG2600478";"E7147";"15507";10800;"11/05/2026";
"CG2600478";"E7147";"15507";10800;"14/04/2026";
"CG2600280";"E7289";"15507";720;"20/03/2026";
"CG2600612";"I2687";"19003";5000;"02/04/2026";
"CG2600478";"E2348";"15507";2400;"28/04/2026";
"CG2600478";"E2348";"15507";2400;"02/06/2026";
"CG2600478";"E2348";"15507";2400;"07/04/2026";
"CG1800886";"CE3784";"15004";11;"29/11/2018";
"CG2502280";"C4179";"16517";20000;"26/05/2026";
"CG2502280";"C4179";"16517";20000;"06/07/2026";
"CG2600654";"C1258";"16517";8000;"23/04/2026";
"CG2502288";"C1339";"17053";2500;"03/04/2026";
"CG2600546";"C7373";"16504";15000;"28/04/2026";
"CG2600501";"C4180";"16517";80000;"07/04/2026";
"CG2600532";"C1511";"17018";200000;"21/05/2026";
"CG2600268";"CE4197";"17505";3960;"19/06/2026";
"CG2501707";"CE4197";"17505";3960;"25/03/2026";
"CG2600644";"CE2204";"19001";216;"11/09/2026";
"CG2501715";"CE2204";"19001";61;"02/03/2026";
"CG2600655";"C7453";"26533";100;"07/05/2026";
"CG2600655";"C7459";"26533";200;"07/05/2026";
"CG2600340";"C4535L02";"13002";500000;"04/05/2026";
"CG2600711";"C4535L02";"13002";500000;"08/06/2026";
"CG2600148";"CE3782";"15004";500;"27/07/2026";
"CG2600246";"C6682";"10052";10000;"30/03/2026";
"CG2600686";"C4116";"16504";200000;"11/05/2026";
"CG2501230";"C4119";"17018";300000;"15/04/2026";
"CG2600532";"C4119";"17018";300000;"29/10/2026";
"CG2600654";"C4178";"16517";76000;"23/04/2026";
"CH2600190";"YY-OUTILLAGE_INF_500";"40017";1;"01/04/2026";
"CH2600190";"YY-OUTILLAGE_INF_500";"40017";1;"01/04/2026";
"CH2600190";"YY-OUTILLAGE_INF_500";"40017";1;"01/04/2026";
"CH2600190";"YY-OUTILLAGE_INF_500";"40017";1;"01/04/2026";
"CH2500045";"YY-OUTILLAGE_INF_500";"17505";1;"03/02/2025";
"CH2600146";"YY-OUTILLAGE_INF_500";"40017";1;"19/03/2026";
"CA2500020";"YY-OUTILLAGE_INF_500";"11025";1;"07/02/2025";
"CH2600193";"YY-OUTILLAGE_INF_500";"40017";1;"03/04/2026";
"CA2300064";"YY-OUTILLAGE_INF_500";"17050";1;"24/07/2023";
"CH2300205";"YY-OUTILLAGE_INF_500";"17507";1;"04/09/2023";
"CH2300205";"YY-OUTILLAGE_INF_500";"17507";1;"04/09/2023";
"CG2501541";"V5708";"22006";168;"29/06/2026";
"CG2501737";"V5708";"22006";168;"29/07/2026";
"CG2502060";"V7233";"27542";327;"23/04/2026";
"CG2600488";"V7233";"27542";504;"24/07/2026";
"CG2502287";"V7233";"27542";168;"23/04/2026";
"CG2501895";"V7233";"27542";168;"07/04/2026";
"CG2501599";"V7233";"27542";88;"23/02/2026";
"CG2501600";"V7233";"27542";168;"30/03/2026";
"CG2502312";"V7233";"27542";540;"19/05/2026";
"CG2600013";"V7233";"27542";504;"25/05/2026";
"FP2600030";"XFP0085";"16516";2;"08/04/2026";
"FP2600030";"XFP0087";"16516";1;"21/04/2026";
"FP2600026";"XFP0072";"21007";15;"10/04/2026";
"FP2600024";"XFP0014";"21513";10;"19/03/2026";
"CG2501231";"TH1342";"17514";145000;"27/02/2026";
"CG2501232";"TH1342";"17514";145000;"27/02/2026";
"CG2501233";"TH1342";"17514";145000;"15/04/2026";
"CG2501234";"TH1342";"17514";145000;"15/04/2026";
"CG2501235";"TH1342";"17514";145000;"15/04/2026";
"CG2501236";"TH1342";"17514";145000;"15/04/2026";
"FP2600030";"XFP0195";"16516";1;"10/04/2026";
"CG2501237";"TH3176";"17514";145000;"20/04/2026";
"CG2501238";"TH3176";"17514";145000;"20/04/2026";
"CG2501239";"TH3176";"17514";145000;"22/02/2027";
"CG2501240";"TH3176";"17514";145000;"22/02/2027";
"CG2501241";"TH3176";"17514";145000;"22/02/2027";
"CG2600496";"K2992";"10512";750000;"23/09/2026";
"CG2600496";"K2992";"10512";750000;"20/01/2027";
"CG2600496";"K2992";"10512";750000;"19/05/2027";
"CG2600596";"K3168";"10040";1800;"01/04/2026";
"CG2501244";"TH3967";"17514";145000;"19/10/2026";
"CG2501245";"TH3967";"17514";145000;"19/10/2026";
"CA2600003";"TH3967";"17514";145000;"21/12/2026";
"CA2600004";"TH3967";"17514";145000;"21/12/2026";
"CA2600001";"TH6046";"17514";145000;"25/01/2027";
"CA2600002";"TH6046";"17514";145000;"25/01/2027";
"CG2501246";"TH6046";"17514";145000;"30/03/2026";
"CA2600005";"TH6046";"17514";145000;"15/06/2026";
"CA2600006";"TH6046";"17514";145000;"20/07/2026";
"CA2600007";"TH6046";"17514";145000;"20/07/2026";
"CA2600008";"TH6046";"17514";145000;"20/07/2026";
"CA2600009";"TH6046";"17514";145000;"21/09/2026";
"CA2600010";"TH6046";"17514";145000;"21/09/2026";
"CA2600011";"TH6046";"17514";145000;"16/11/2026";
"CA2600012";"TH6046";"17514";145000;"16/11/2026";
"CA2600013";"TH6046";"17514";145000;"21/12/2026";
"CG2501242";"TH6047";"17514";145000;"25/01/2027";
"CG2501243";"TH6047";"17514";145000;"25/01/2027";
"CG2600634";"U5457";"14018";100;"27/03/2026";
"CG2600720";"F2186";"14010";12;"16/04/2026";
"CG2600505";"U7569";"21054";1024;"30/06/2026";
"CG2502372";"U7569";"21054";1024;"24/04/2026";
"CG2501724";"K6999";"10512";500;"30/09/2026";
"FP2600025";"XFP0134";"21007";12;"09/04/2026";
"CG2600394";"K7636";"10512";3500;"28/05/2026";
"CG2501866";"U7393-01";"10052";32940;"17/06/2026";
"CG2501710";"U7393-01";"10052";32940;"02/04/2026";
"CG2501711";"U7393-01";"10052";32940;"13/05/2026";
"CG2502142";"U7393-01";"10052";32940;"29/07/2026";
"CG2502143";"U7393-01";"10052";32940;"11/09/2026";
"CG2502144";"U7393-01";"10052";32940;"30/09/2026";
"CG2600208";"U7393-01";"10052";32940;"17/11/2026";
"CG2600395";"U7393-01";"10052";35136;"07/12/2026";
"CH2400017";"YY-ENTRETMAINT";"27022";1;"01/02/2024";
"CH2400017";"YY-ENTRETMAINT";"27022";2;"01/02/2024";
"CH2400017";"YY-ENTRETMAINT";"27022";1;"01/02/2024";
"CH2400005";"YY-ENTRETMAINT";"23708";1;"10/01/2024";
"CH2400113";"YY-ENTRETMAINT";"20560";15;"08/04/2024";
"CH2400113";"YY-ENTRETMAINT";"20560";3;"08/04/2024";
"CH2400113";"YY-ENTRETMAINT";"20560";5;"08/04/2024";
"CH2400113";"YY-ENTRETMAINT";"20560";14;"08/04/2024";
"CH2400113";"YY-ENTRETMAINT";"20560";3;"08/04/2024";
"CH2400113";"YY-ENTRETMAINT";"20560";2;"08/04/2024";
"CH2400113";"YY-ENTRETMAINT";"20560";15;"08/04/2024";
"CH2400113";"YY-ENTRETMAINT";"20560";4;"08/04/2024";
"CH2400306";"YY-ENTRETMAINT";"29017";1;"29/08/2025";
"CH2400479";"YY-ENTRETMAINT";"22547";1;"28/10/2024";
"CH2300295";"YY-ENTRETMAINT";"23708";1;"03/01/2024";
"CH2400270";"YY-ENTRETMAINT";"37531";1;"24/07/2024";
"CH2400271";"YY-ENTRETMAINT";"37531";1;"24/07/2024";
"CH2500019";"YY-ENTRETMAINT";"20080";1;"23/01/2025";
"CH2500049";"YY-ENTRETMAINT";"27179";1;"29/01/2027";
"CH2400013";"YY-ENTRETMAINT";"27533";1;"31/01/2024";
"CH2400013";"YY-ENTRETMAINT";"27533";2;"31/10/2024";
"CH2400074";"YY-ENTRETMAINT";"33519";1;"07/03/2025";
"CH2400109";"YY-ENTRETMAINT";"30142";11;"29/04/2024";
"CH2400557";"YY-ENTRETMAINT";"37531";1;"27/11/2024";
"CH2400558";"YY-ENTRETMAINT";"37531";1;"27/11/2024";
"CH2500375";"YY-ENTRETMAINT";"37531";1;"23/06/2025";
"CH2500492";"YY-ENTRETMAINT";"22068";1;"04/08/2025";
"CH2500561";"YY-ENTRETMAINT";"25014";1;"29/01/2027";
"CH2500561";"YY-ENTRETMAINT";"25014";1;"28/01/2028";
"CH2400461";"YY-ENTRETMAINT";"37531";1;"31/10/2024";
"CH2400277";"YY-ENTRETMAINT";"37531";1;"10/07/2024";
"CH2400372";"YY-ENTRETMAINT";"22547";1;"12/09/2024";
"CH2400074";"YY-ENTRETMAINT";"33519";9;"31/12/2025";
"CH2400113";"YY-ENTRETMAINT";"20560";1;"08/04/2024";
"CH2400136";"YY-ENTRETMAINT";"33044";1;"06/05/2024";
"CH2400136";"YY-ENTRETMAINT";"33044";1;"06/05/2024";
"CH2500214";"YY-ENTRETMAINT";"33519";5;"06/03/2026";
"CH2500214";"YY-ENTRETMAINT";"33519";5;"06/03/2026";
"CH2500214";"YY-ENTRETMAINT";"33519";5;"06/03/2026";
"CH2500214";"YY-ENTRETMAINT";"33519";5;"06/03/2026";
"CH2600192";"YY-ENTRETMAINT";"33519";6;"09/10/2026";
"CH2600192";"YY-ENTRETMAINT";"33519";6;"09/10/2026";
"CH2600192";"YY-ENTRETMAINT";"33519";6;"09/10/2026";
"CH2600192";"YY-ENTRETMAINT";"33519";6;"09/10/2026";
"CH2500847";"YY-ENTRETMAINT";"35812";1;"30/01/2026";
"CH2500845";"YY-ENTRETMAINT";"27152";1;"22/12/2025";
"CH2500487";"YY-ENTRETMAINT";"20080";1;"25/08/2025";
"CH2400011";"YY-ENTRETMAINT";"31112";1;"31/01/2024";
"CH2300225";"YY-ENTRETMAINT";"29017";1;"30/08/2024";
"CH2400131";"YY-ENTRETMAINT";"31112";1;"29/04/2024";
"CH2400332";"YY-ENTRETMAINT";"37531";1;"26/08/2024";
"CH2600109";"YY-ENTRETMAINT";"20560";3;"01/04/2026";
"CH2400407";"YY-ENTRETMAINT";"37531";1;"25/09/2024";
"CH2400408";"YY-ENTRETMAINT";"37531";1;"25/09/2024";
"CH2400409";"YY-ENTRETMAINT";"37531";1;"25/09/2024";
"CH2500148";"YY-ENTRETMAINT";"20080";1;"14/03/2025";
"CH2500151";"YY-ENTRETMAINT";"37555";1;"10/03/2026";
"CH2500211";"YY-ENTRETMAINT";"23720";59;"28/03/2025";
"CH2400348";"YY-ENTRETMAINT";"37531";1;"13/09/2024";
"CH2400405";"YY-ENTRETMAINT";"22547";1;"24/09/2024";
"CH2300272";"YY-ENTRETMAINT";"21013";1;"07/12/2023";
"CH2400520";"YY-ENTRETMAINT";"23708";1;"06/11/2024";
"CH2600109";"YY-ENTRETMAINT";"20560";1;"01/04/2026";
"CH2400324";"YY-ENTRETMAINT";"37069";1;"01/08/2024";
"CH2400324";"YY-ENTRETMAINT";"37069";1;"01/08/2024";
"CH2400324";"YY-ENTRETMAINT";"37069";1;"01/08/2024";
"CH2600200";"YY-ENTRETMAINT";"22068";1;"31/03/2026";
"CH2500024";"YY-ENTRETMAINT";"29603";1;"01/09/2025";
"CH2500024";"YY-ENTRETMAINT";"29603";1;"01/09/2025";
"CH2500024";"YY-ENTRETMAINT";"29603";1;"01/09/2025";
"CH2500408";"YY-ENTRETMAINT";"22068";1;"04/07/2025";
"CH2500854";"YY-ENTRETMAINT";"20085";1;"09/01/2026";
"CH2400376";"YY-ENTRETMAINT";"37074";1;"30/09/2024";
"CH2600062";"YY-ENTRETMAINT";"35804";1;"24/12/2026";
"CH2400086";"YY-ENTRETMAINT";"30172";1;"25/01/2024";
"CH2400428";"YY-ENTRETMAINT";"29017";1;"04/10/2024";
"CH2400430";"YY-ENTRETMAINT";"37531";1;"04/10/2024";
"CH2300225";"YY-ENTRETMAINT";"29017";1;"30/08/2024";
"CH2300080";"YY-ENTRETMAINT";"23708";1;"11/04/2023";
"CH2300080";"YY-ENTRETMAINT";"23708";1;"11/04/2023";
"CH2300151";"YY-ENTRETMAINT";"23708";1;"23/06/2023";
"CH2300152";"YY-ENTRETMAINT";"23708";1;"23/06/2023";
"CH2400474";"YY-ENTRETMAINT";"20550";1;"21/10/2024";
"CH2500670";"YY-ENTRETMAINT";"29017";1;"31/07/2026";
"CH2500670";"YY-ENTRETMAINT";"29017";1;"31/07/2026";
"CH2500754";"YY-ENTRETMAINT";"20080";52;"31/12/2026";
"CH2500754";"YY-ENTRETMAINT";"20080";2;"31/12/2026";
"CH2500754";"YY-ENTRETMAINT";"20080";1;"31/12/2026";
"CH2500754";"YY-ENTRETMAINT";"20080";1;"31/12/2026";
"CH2400314";"YY-ENTRETMAINT";"37556";1;"29/07/2024";
"CH2300288";"YY-ENTRETMAINT";"23527";1;"18/12/2023";
"CH2400360";"YY-ENTRETMAINT";"27152";1;"09/09/2024";
"CH2400225";"YY-ENTRETMAINT";"23527";1;"21/06/2024";
"CH2400414";"YY-ENTRETMAINT";"22068";1;"31/03/2025";
"CH2200018";"YY-FORMATION";"33802";2;"30/01/2023";
"CH2200018";"YY-FORMATION";"33802";1;"30/01/2023";
"CH2200037";"YY-FORMATION";"33802";8;"01/12/2022";
"CH2300063";"YY-FORMATION";"23518";1;"28/04/2023";
"CH2200017";"YY-FORMATION";"33802";2;"30/01/2023";
"CH2200017";"YY-FORMATION";"33802";1;"30/01/2023";
"CH2200017";"YY-FORMATION";"33802";1;"30/01/2023";
"CH2600207";"YY-FORMATION";"33049";8;"02/02/2026";
"CH2400224";"YY-FOURNBUREAU";"23214";200;"17/06/2024";
"CH2400282";"YY-FOURNBUREAU";"20117";12;"16/07/2024";
"CH2600191";"YY-FOURNBUREAU";"20117";2;"18/03/2026";
"CH2400467";"YY-FOURNHYGIENES";"20117";3;"28/10/2024";
"CH2600005";"YY-FOURNHYGIENES";"33024";9;"30/12/2026";
"CH2600005";"YY-FOURNHYGIENES";"33024";9;"30/12/2026";
"CH2600005";"YY-FOURNHYGIENES";"33024";9;"30/12/2026";
"CH2500539";"YY-FOURNIMPRIMANTE3D";"21552";1;"22/09/2025";
"CH2400032";"YY-FOURNITITDIVERSES";"20560";10;"16/02/2024";
"CH2400218";"YY-FOURNITITDIVERSES";"20117";1;"14/06/2024";
"CH2600081";"YY-FOURNITITDIVERSES";"20117";3;"09/02/2026";
"CH2500323";"YY-FOURNITITDIVERSES";"20117";1;"06/06/2025";
"CH2400126";"YY-FOURNITITDIVERSES";"20076";5;"19/04/2024";
"CH2400463";"YY-FOURNITITDIVERSES";"20117";1;"18/10/2024";
"CH2400023";"YY-FOURNITITDIVERSES";"30142";1;"08/02/2024";
"CH2600151";"YY-AMENGNTBUR";"27169";1;"20/03/2026";
"CH2600151";"YY-AMENGNTBUR";"27169";1;"20/03/2026";
"CH2400217";"YY-AMENGNTBUR";"20027";1;"01/07/2024";
"CH2400217";"YY-AMENGNTBUR";"20027";1;"01/07/2024";
"CH2400217";"YY-MOBILIERS";"20027";1;"01/07/2024";
"CH2400217";"YY-MOBILIERS";"20027";1;"01/07/2024";
"CG2600603";"D7710";"16021";6000;"14/04/2026";
"CH2500512";"YY-FOURNSECU";"24502";2;"02/09/2025";
"CH2400049";"YY-FOURNSECU";"24692";4;"05/03/2024";
"CH2400049";"YY-FOURNSECU";"24692";30;"05/03/2024";
"CH2300268";"YY-HONORAIRES";"31096";2;"27/11/2023";
"CH2300268";"YY-HONORAIRES";"31096";2;"27/11/2023";
"CH2400311";"YY-HONORAIRES";"31096";2;"25/07/2024";
"CH2600047";"YY-HONORAIRES";"30148";1;"21/01/2026";
"CH2400169";"YY-HONORAIRES";"27546";1;"22/05/2024";
"CH2400255";"YY-HONORAIRES";"31096";2;"05/07/2024";
"CH2300044";"YY-HONORAIRES";"30160";1;"28/02/2023";
"CH2500715";"YY-LOCATIONS";"24135";1;"01/04/2026";
"CH2500715";"YY-LOCATIONS";"24135";1;"01/07/2026";
"CH2500715";"YY-LOCATIONS";"24135";1;"01/10/2026";
"CH2500715";"YY-LOCATIONS";"24135";1;"01/01/2027";
"CH2500715";"YY-LOCATIONS";"24135";1;"01/04/2027";
"CH2500715";"YY-LOCATIONS";"24135";1;"01/07/2027";
"CH2500715";"YY-LOCATIONS";"24135";1;"01/10/2027";
"CH2500715";"YY-LOCATIONS";"24135";1;"03/01/2028";
"CH2500715";"YY-LOCATIONS";"24135";1;"31/03/2028";
"CH2500843";"YY-LOCATIONS";"33025";3;"30/12/2026";
"CH2500451";"YY-LOCATIONS";"30558";12;"23/02/2029";
"CH2500811";"YY-LOCATIONS";"27118";1;"10/12/2025";
"CH2500811";"YY-LOCATIONS";"27118";1;"10/12/2025";
"CH2600052";"YY-LOCATIONS";"37033";10;"24/12/2026";
"CH2600052";"YY-LOCATIONS";"37033";10;"24/12/2026";
"CH2600052";"YY-LOCATIONS";"37033";10;"24/12/2026";
"CH2500842";"YY-LOCATIONS";"33025";3;"30/12/2026";
"CH2500139";"YY-LOCATIONS";"20556";12;"15/05/2025";
"CH2500820";"YY-LOCATIONS";"28111";12;"31/12/2026";
"CH2500820";"YY-LOCATIONS";"28111";12;"31/12/2026";
"CH2500211";"YY-LOCATIONS";"23720";58;"28/03/2025";
"CH2400519";"YY-LOCATIONS";"37083";16;"02/12/2024";
"CH2500453";"YY-LOCATIONS";"37033";60;"12/11/2025";
"CH2500453";"YY-LOCATIONS";"37033";60;"12/11/2025";
"CH2500453";"YY-LOCATIONS";"37033";60;"12/11/2025";
"CH2500453";"YY-LOCATIONS";"37033";60;"12/11/2025";
"CH2500454";"YY-LOCATIONS";"37033";60;"09/03/2026";
"CH2500454";"YY-LOCATIONS";"37033";60;"09/03/2026";
"CH2500454";"YY-LOCATIONS";"37033";60;"09/03/2026";
"CH2500454";"YY-LOCATIONS";"37033";60;"09/03/2026";
"CH2500535";"YY-LOCATIONS";"21183";1;"01/01/2026";
"CH2500535";"YY-LOCATIONS";"21183";1;"01/04/2026";
"CH2500535";"YY-LOCATIONS";"21183";1;"01/07/2026";
"CH2500535";"YY-LOCATIONS";"21183";1;"01/10/2026";
"CH2500535";"YY-LOCATIONS";"21183";1;"01/01/2027";
"CH2500535";"YY-LOCATIONS";"21183";1;"01/04/2027";
"CH2500535";"YY-LOCATIONS";"21183";1;"01/07/2027";
"CH2500535";"YY-LOCATIONS";"21183";1;"01/10/2027";
"CH2500535";"YY-LOCATIONS";"21183";1;"03/01/2028";
"CH2500535";"YY-LOCATIONS";"21183";1;"31/03/2028";
"CH2500362";"YY-LOCATIONS";"21182";1;"17/06/2025";
"CH2400090";"YY-LOCATIONS";"20558";1;"29/03/2024";
"CH2400419";"YY-LOCATIONS";"27118";85;"31/01/2025";
"CH2400419";"YY-LOCATIONS";"27118";1;"01/10/2024";
"CH2400419";"YY-LOCATIONS";"27118";16;"31/01/2025";
"CH2400419";"YY-LOCATIONS";"27118";1;"31/01/2025";
"CH2500534";"YY-LOCATIONS";"21183";2;"31/12/2025";
"CH2500535";"YY-LOCATIONS";"21183";1;"03/09/2025";
"CH2500535";"YY-LOCATIONS";"21183";1;"01/10/2025";
"CH2300178";"YY-LOCATIONS";"20558";1;"27/07/2023";
"CH2600053";"YY-LOCATIONS";"37033";10;"24/12/2026";
"CH2300269";"YY-LOGICIEL/LICENCE";"30144";1;"29/11/2023";
"CH2300269";"YY-LOGICIEL/LICENCE";"30144";1;"29/11/2023";
"CH2300269";"YY-LOGICIEL/LICENCE";"30144";3;"29/11/2023";
"CH2400528";"YY-LOGICIEL/LICENCE";"30144";1;"28/11/2024";
"CH2400528";"YY-LOGICIEL/LICENCE";"30144";1;"28/11/2024";
"CH2400528";"YY-LOGICIEL/LICENCE";"30144";3;"28/11/2024";
"CH2300261";"YY-LOGICIEL/LICENCE";"20506";1;"17/11/2023";
"CH2300261";"YY-LOGICIEL/LICENCE";"20506";1;"17/11/2023";
"CH2300261";"YY-LOGICIEL/LICENCE";"20506";1;"17/11/2023";
"CH2400452";"YY-LOGICIEL/LICENCE";"21098";1;"21/10/2024";
"CH2400452";"YY-LOGICIEL/LICENCE";"21098";1;"21/10/2024";
"CH2400452";"YY-LOGICIEL/LICENCE";"21098";1;"21/10/2024";
"CH2400452";"YY-LOGICIEL/LICENCE";"21098";1;"21/10/2024";
"CH2400453";"YY-LOGICIEL/LICENCE";"20560";3;"04/11/2024";
"CH2400453";"YY-LOGICIEL/LICENCE";"20560";1;"04/11/2024";
"CH2400453";"YY-LOGICIEL/LICENCE";"20560";1;"04/11/2024";
"CH2400198";"YY-LOGICIEL/LICENCE";"30142";1;"22/07/2024";
"CH2400198";"YY-LOGICIEL/LICENCE";"30142";1;"22/07/2024";
"CH2400197";"YY-LOGICIEL/LICENCE";"30142";1;"22/07/2024";
"CH2400197";"YY-LOGICIEL/LICENCE";"30142";1;"22/07/2024";
"CH2400190";"YY-LOGICIEL/LICENCE";"38511";1;"31/03/2025";
"CH2400190";"YY-LOGICIEL/LICENCE";"38511";1;"31/03/2025";
"CH2400190";"YY-LOGICIEL/LICENCE";"38511";1;"31/03/2025";
"CH2400105";"YY-LOGICIEL/LICENCE";"23637";1;"30/10/2024";
"CH2400107";"YY-LOGICIEL/LICENCE";"20506";1;"02/04/2024";
"CH2400107";"YY-LOGICIEL/LICENCE";"20506";1;"02/04/2024";
"CH2400107";"YY-LOGICIEL/LICENCE";"20506";1;"02/04/2024";
"CH2400107";"YY-LOGICIEL/LICENCE";"20506";1;"02/04/2024";
"CH2400107";"YY-LOGICIEL/LICENCE";"20506";1;"02/04/2024";
"CH2400107";"YY-LOGICIEL/LICENCE";"20506";1;"02/04/2024";
"CH2400107";"YY-LOGICIEL/LICENCE";"20506";1;"02/04/2024";
"CH2600118";"YY-LOGICIEL/LICENCE";"33649";150;"31/03/2026";
"CH2600118";"YY-LOGICIEL/LICENCE";"33649";150;"30/04/2026";
"CH2600118";"YY-LOGICIEL/LICENCE";"33649";150;"29/05/2026";
"CH2600118";"YY-LOGICIEL/LICENCE";"33649";150;"30/06/2026";
"CH2600118";"YY-LOGICIEL/LICENCE";"33649";150;"31/07/2026";
"CH2600118";"YY-LOGICIEL/LICENCE";"33649";150;"31/08/2026";
"CH2600118";"YY-LOGICIEL/LICENCE";"33649";150;"30/09/2026";
"CH2600118";"YY-LOGICIEL/LICENCE";"33649";150;"30/10/2026";
"CH2600118";"YY-LOGICIEL/LICENCE";"33649";150;"30/11/2026";
"CH2600118";"YY-LOGICIEL/LICENCE";"33649";150;"31/12/2026";
"CH2600118";"YY-LOGICIEL/LICENCE";"33649";150;"29/01/2027";
"CH2400195";"YY-LOGICIEL/LICENCE";"38511";1;"14/06/2024";
"CH2400528";"YY-LOGICIEL/LICENCE";"30144";1;"27/11/2026";
"CH2400528";"YY-LOGICIEL/LICENCE";"30144";1;"27/11/2026";
"CH2400528";"YY-LOGICIEL/LICENCE";"30144";3;"27/11/2026";
"CH2400406";"YY-LOGICIEL/LICENCE";"30545";1;"16/10/2024";
"CH2400406";"YY-LOGICIEL/LICENCE";"30545";1;"16/10/2024";
"CH2400406";"YY-LOGICIEL/LICENCE";"30545";1;"16/10/2024";
"CH2400198";"YY-LOGICIEL/LICENCE";"30142";2;"22/07/2024";
"CH2400198";"YY-LOGICIEL/LICENCE";"30142";1;"22/07/2024";
"CH2400198";"YY-LOGICIEL/LICENCE";"30142";9;"22/07/2024";
"CH2600154";"YY-LOGICIEL/LICENCE";"22014";1;"03/03/2026";
"CH2400008";"YY-LOGICIEL/LICENCE";"35960";1;"18/01/2024";
"CH2300132";"YY-LOGICIEL/LICENCE";"37078";20;"30/05/2023";
"CH2200017";"YY-LOGICIEL/LICENCE";"33802";3;"02/11/2022";
"CH2200061";"YY-LOGICIEL/LICENCE";"33802";1;"21/12/2022";
"CH2200017";"YY-LOGICIEL/LICENCE";"33802";4;"30/01/2023";
"CH2200017";"YY-LOGICIEL/LICENCE";"33802";1;"30/01/2023";
"CH2200017";"YY-LOGICIEL/LICENCE";"33802";2;"30/01/2023";
"CH2200017";"YY-LOGICIEL/LICENCE";"33802";2;"30/01/2023";
"CH2200017";"YY-LOGICIEL/LICENCE";"33802";3;"30/01/2023";
"CH2300017";"YY-LOGICIEL/LICENCE";"33802";1;"16/01/2023";
"CG2501639";"CE7389-01";"17505";12800;"20/05/2026";
"CG2600337";"CE7389-01";"17505";12800;"15/10/2026";
"CG2600646";"CE7389-01";"17505";12800;"16/11/2026";
"CG2501261";"CE7389-01";"17505";6400;"08/04/2026";
"CG2502145";"CE7389-01";"17505";12800;"22/07/2026";
"CG2600118";"CE7389-01";"17505";12800;"16/09/2026";
"CG2501261";"CE7389-01";"17505";6400;"01/04/2026";
"CG2502145";"CE7389-01";"17505";12800;"29/07/2026";
"CG2502147";"CE7389-01";"17505";12800;"12/08/2026";
"CG2501603";"CE7389-01";"17505";12800;"29/04/2026";
"CG2600396";"CE7389-01";"17505";12800;"19/10/2026";
"CG2600079";"CE7389-01";"17505";12800;"09/09/2026";
"CG2502092";"CE7389-01";"17505";12800;"05/08/2026";
"CH2400078";"YY-MATCONTROLE";"24003";1;"04/04/2024";
"CH2400078";"YY-MATCONTROLE";"24003";1;"04/04/2024";
"CH2400153";"YY-MATCONTROLE";"26545";1;"31/05/2024";
"CH2400153";"YY-MATCONTROLE";"26545";1;"31/05/2024";
"CH2400153";"YY-MATCONTROLE";"26545";1;"31/05/2024";
"CH2400153";"YY-MATCONTROLE";"26545";1;"31/05/2024";
"CH2400146";"YY-MATCONTROLE";"26148";2;"03/05/2024";
"CH2400148";"YY-MATCONTROLE";"23527";2;"17/05/2024";
"CH2600144";"YY-MATCONTROLE";"26119";1;"20/03/2026";
"CH2400340";"YY-MOULES";"16012";1;"23/09/2024";
"CH2400442";"YY-MOULES";"16012";1;"23/10/2024";
"CH2400352";"YY-MOULES";"11518";1;"03/10/2024";
"CH2500297";"YY-MOULES";"40025";1;"06/02/2026";
"CH2500297";"YY-MOULES";"40025";1;"30/04/2026";
"CH2500294";"YY-MOULES";"40025";1;"06/02/2026";
"CH2500294";"YY-MOULES";"40025";1;"30/04/2026";
"CH2500295";"YY-MOULES";"40025";1;"06/02/2026";
"CH2500295";"YY-MOULES";"40025";1;"30/04/2026";
"CH2600111";"YY-MOULES";"16012";1;"17/03/2026";
"CH2600111";"YY-MOULES";"16012";1;"17/03/2026";
"CH2600111";"YY-MOULES";"16012";1;"17/03/2026";
"CH2500296";"YY-MOULES";"40025";1;"06/02/2026";
"CH2500296";"YY-MOULES";"40025";1;"30/04/2026";
"CH2400029";"YY-MOULES";"16012";1;"08/02/2024";
"CH2400029";"YY-MOULES";"16012";1;"08/02/2024";
"CH2400029";"YY-MOULES";"16012";1;"08/02/2024";
"CH2300122";"YY-MOULES";"11518";1;"13/07/2023";
"CH2200044";"YY-MOULES";"16012";1;"25/01/2023";
"CH2300143";"YY-MOULES";"11033";1;"30/06/2023";
"CH2300144";"YY-MOULES";"16012";1;"30/06/2023";
"CH2300071";"YY-MOULES";"11033";1;"20/09/2023";
"CH2300071";"YY-MOULES";"11033";1;"20/09/2023";
"CH2400339";"YY-MOULES";"16012";1;"30/08/2024";
"CH2400339";"YY-MOULES";"16012";1;"30/08/2024";
"CH2400207";"YY-MOULES";"16012";1;"07/06/2024";
"CH2400462";"YY-ORDIPC";"33519";1;"23/10/2024";
"CH2400462";"YY-ORDIPC";"33519";6;"23/10/2024";
"CH2400463";"YY-ORDIPC";"20117";5;"18/10/2024";
"CH2300175";"YY-ORDIPC";"33519";10;"24/07/2023";
"CH2300037";"YY-ORDIPC";"33519";10;"17/02/2023";
"CH2300037";"YY-ORDIPC";"33519";1;"17/02/2023";
"CH2400072";"YY-ORDIPC";"33519";5;"21/03/2024";
"CH2300233";"YY-OUTILLAGE";"10504";1;"15/12/2023";
"CH2400165";"YY-OUTILLAGE";"17505";1;"17/06/2024";
"CH2400165";"YY-OUTILLAGE";"17505";1;"16/07/2024";
"CH2400066";"YY-OUTILLAGE";"10504";1;"30/04/2024";
"CH2400007";"YY-OUTILLAGE";"26545";2;"22/03/2024";
"CH2400053";"YY-OUTILLAGE";"17505";1;"05/03/2024";
"CH2300181";"YY-OUTILLAGE";"21098";1;"19/07/2023";
"CH2300181";"YY-OUTILLAGE";"21098";1;"19/07/2023";
"CH2300181";"YY-OUTILLAGE";"21098";1;"19/07/2023";
"CH2300181";"YY-OUTILLAGE";"21098";1;"19/07/2023";
"CH2300232";"YY-OUTILLAGE";"30171";1;"06/10/2023";
"CH2300232";"YY-OUTILLAGE";"30171";1;"06/10/2023";
"CH2300232";"YY-OUTILLAGE";"30171";1;"06/10/2023";
"CH2300232";"YY-OUTILLAGE";"30171";1;"06/10/2023";
"CH2300232";"YY-OUTILLAGE";"30171";1;"06/10/2023";
"CH2500682";"YY-OUTILLAGE";"15507";1;"10/12/2025";
"CH2300232";"YY-OUTILLAGE";"30171";1;"18/12/2025";
"CH2300223";"YY-OUTILLAGE";"16012";1;"20/10/2023";
"CH2300223";"YY-OUTILLAGE";"16012";1;"20/10/2023";
"CH2300282";"YY-OUTILLAGE";"20560";1;"07/12/2023";
"CH2300282";"YY-OUTILLAGE";"20560";1;"07/12/2023";
"CH2300282";"YY-OUTILLAGE";"20560";1;"07/12/2023";
"CH2400173";"YY-OUTILLAGE";"17505";1;"02/09/2024";
"CH2400173";"YY-OUTILLAGE";"17505";1;"02/09/2024";
"CH2400044";"YY-OUTILLAGE";"17505";2;"15/03/2024";
"CH2400048";"YY-OUTILLAGE";"27177";1;"25/03/2024";
"CH2400066";"YY-OUTILLAGE";"10504";1;"01/07/2024";
"CH2400066";"YY-OUTILLAGE";"10504";1;"01/07/2024";
"CH2400066";"YY-OUTILLAGE";"10504";1;"01/07/2024";
"CH2400142";"YY-OUTILLAGE";"10504";1;"30/04/2024";
"CH2400142";"YY-OUTILLAGE";"10504";1;"01/07/2024";
"CH2400142";"YY-OUTILLAGE";"10504";1;"01/07/2024";
"CH2400142";"YY-OUTILLAGE";"10504";1;"01/07/2024";
"CH2400044";"YY-OUTILLAGE";"17505";1;"27/05/2024";
"CH2400336";"YY-OUTILLAGE";"21098";1;"26/08/2024";
"CH2400336";"YY-OUTILLAGE";"21098";1;"26/08/2024";
"CH2400336";"YY-OUTILLAGE";"21098";1;"26/08/2024";
"CH2300253";"YY-OUTILLAGE";"10504";1;"17/01/2024";
"CH2400094";"YY-OUTILLAGE";"20129";2;"26/04/2024";
"CH2300226";"YY-OUTILLAGE";"17050";1;"04/01/2024";
"CH2600193";"YY-OUTILLAGE";"40017";67200;"03/04/2026";
"CH2400067";"YY-OUTILLAGE";"15507";1;"22/03/2024";
"CH2400020";"YY-OUTILLAGE";"16012";1;"05/02/2024";
"CH2400038";"YY-OUTILLAGE";"11033";1;"17/04/2024";
"CH2500626";"YY-OUTILLAGE";"17055";1;"04/11/2025";
"CH2500761";"YY-OUTILLAGE";"40025";1;"19/12/2025";
"CH2500761";"YY-OUTILLAGE";"40025";1;"19/12/2025";
"CH2500762";"YY-OUTILLAGE";"40025";1;"19/12/2025";
"CH2500762";"YY-OUTILLAGE";"40025";1;"19/12/2025";
"CA2300064";"YY-OUTILLAGE";"17050";1;"24/07/2023";
"CH2300145";"YY-OUTILLAGE";"19001";1;"28/08/2023";
"CH2300043";"YY-OUTILLAGE";"17507";1;"24/02/2023";
"CH2300050";"YY-OUTILLAGE";"33518";1;"10/06/2024";
"CH2300064";"YY-OUTILLAGE";"11033";1;"15/09/2023";
"CH2300064";"YY-OUTILLAGE";"11033";1;"15/09/2023";
"CH2300070";"YY-OUTILLAGE";"33518";1;"19/07/2023";
"CD2200001";"YY-OUTILLAGE";"17505";2;"06/01/2023";
"CA2300040";"YY-OUTILLAGE";"19001";1;"25/08/2023";
"CA2300029";"YY-OUTILLAGE";"15507";1;"27/03/2023";
"CA2300029";"YY-OUTILLAGE";"15507";1;"27/03/2023";
"CA2300029";"YY-OUTILLAGE";"15507";1;"27/03/2023";
"CH2600079";"YY-OUTILLAGE";"15006";1;"03/03/2026";
"CH2300219";"YY-OUTILLAGE";"17505";1;"24/11/2023";
"CH2300219";"YY-OUTILLAGE";"17505";1;"24/11/2023";
"CH2300229";"YY-OUTILLAGE";"17505";1;"06/11/2023";
"CH2300229";"YY-OUTILLAGE";"17505";1;"06/11/2023";
"CH2300229";"YY-OUTILLAGE";"17505";1;"06/11/2023";
"CH2300250";"YY-PROTOTYPE";"11033";1;"23/10/2023";
"CH2600101";"YY-PROTOTYPE";"17505";2400;"19/02/2026";
"CH2300260";"YY-PROTOTYPE";"22061";75;"20/11/2023";
"CH2400036";"YY-PROTOTYPE";"11033";75;"28/02/2024";
"CH2300244";"YY-PROTOTYPE";"17505";15;"17/01/2024";
"CH2300244";"YY-PROTOTYPE";"17505";46;"24/01/2024";
"CH2300176";"YY-PROTOTYPE";"14532";1;"15/12/2023";
"CH2300262";"YY-PROTOTYPE";"15507";3020;"01/12/2023";
"CH2400132";"YY-PROTOTYPE";"15507";1000;"16/04/2024";
"CH2400173";"YY-PROTOTYPE";"17505";50;"02/09/2024";
"CH2400173";"YY-PROTOTYPE";"17505";100;"02/09/2024";
"CH2400112";"YY-PROTOTYPE";"20506";8;"10/04/2024";
"CH2400112";"YY-PROTOTYPE";"20506";2;"10/04/2024";
"CH2400112";"YY-PROTOTYPE";"20506";7;"10/04/2024";
"CH2400112";"YY-PROTOTYPE";"20506";1;"10/04/2024";
"CH2400112";"YY-PROTOTYPE";"20506";12;"10/04/2024";
"CH2400112";"YY-PROTOTYPE";"20506";2;"10/04/2024";
"CH2400112";"YY-PROTOTYPE";"20506";8;"10/04/2024";
"CH2400112";"YY-PROTOTYPE";"20506";1;"10/04/2024";
"CH2400112";"YY-PROTOTYPE";"20506";12;"10/04/2024";
"CH2400112";"YY-PROTOTYPE";"20506";2;"10/04/2024";
"CH2400112";"YY-PROTOTYPE";"20506";8;"10/04/2024";
"CH2400112";"YY-PROTOTYPE";"20506";1;"10/04/2024";
"CH2400067";"YY-PROTOTYPE";"15507";3020;"28/03/2024";
"CH2400067";"YY-PROTOTYPE";"15507";180;"03/04/2024";
"CH2400068";"YY-PROTOTYPE";"16012";1;"10/04/2024";
"CH2300040";"YY-PROTOTYPE";"17507";8;"29/03/2023";
"CH2300040";"YY-PROTOTYPE";"17507";20;"29/03/2023";
"CH2300040";"YY-PROTOTYPE";"17507";108;"29/03/2023";
"CH2300176";"YY-PROTOTYPE";"14532";1;"29/09/2023";
"CH2300176";"YY-PROTOTYPE";"14532";1;"01/11/2024";
"CH2300163";"YY-PROTOTYPE";"19001";1;"04/07/2023";
"CH2300157";"YY-PROTOTYPE";"27544";50;"10/07/2023";
"CA2500044";"YY-PROTOTYPE";"11036";5;"24/10/2025";
"CH2400024";"YY-PROTOTYPE";"36900";3000;"15/02/2024";
"CH2300011";"YY-SALONEXPOS";"31530";1;"23/03/2023";
"CH2300012";"YY-SALONEXPOS";"31530";1;"06/09/2023";
"CH2400016";"YY-SOUSTRAITANCE";"31011";1;"31/01/2024";
"CH2400244";"YY-SOUSTRAITANCE";"31009";1;"26/07/2024";
"CH2400244";"YY-SOUSTRAITANCE";"31009";1;"26/07/2024";
"CH2300214";"YY-SOUSTRAITANCE";"22014";1;"27/10/2023";
"CH2300214";"YY-SOUSTRAITANCE";"22014";1;"27/10/2023";
"CH2400284";"YY-SOUSTRAITANCE";"20565";1;"16/07/2024";
"CH2600004";"YY-SOUSTRAITANCE";"19001";3;"21/01/2026";
"CH2400337";"YY-SOUSTRAITANCE";"25521";1;"27/08/2024";
"CH2400337";"YY-SOUSTRAITANCE";"25521";4;"27/08/2024";
"CH2400337";"YY-SOUSTRAITANCE";"25521";4;"27/08/2024";
"CH2400337";"YY-SOUSTRAITANCE";"25521";5;"27/08/2024";
"CH2400337";"YY-SOUSTRAITANCE";"25521";1;"27/08/2024";
"CH2400337";"YY-SOUSTRAITANCE";"25521";2;"27/08/2024";
"CH2400337";"YY-SOUSTRAITANCE";"25521";1;"27/08/2024";
"CH2300265";"YY-SOUSTRAITANCE";"30522";1;"20/11/2023";
"CH2400001";"YY-SOUSTRAITANCE";"22014";1;"04/01/2024";
"CH2400151";"YY-SOUSTRAITANCE";"22014";1;"15/05/2024";
"CH2400106";"YY-SOUSTRAITANCE";"31009";1;"28/05/2024";
"CH2400549";"YY-SOUSTRAITANCE";"33802";1;"29/11/2024";
"CH2500545";"YY-SOUSTRAITANCE";"36522";1;"15/09/2025";
"CH2500385";"YY-SOUSTRAITANCE";"33802";4;"25/06/2025";
"CH2400267";"YY-SOUSTRAITANCE";"30168";1;"31/07/2024";
"CH2400267";"YY-SOUSTRAITANCE";"30168";1;"31/07/2024";
"CH2300275";"YY-SOUSTRAITANCE";"21099";1;"30/11/2023";
"CH2400180";"YY-SOUSTRAITANCE";"20133";1;"21/06/2024";
"CH2500099";"YY-SOUSTRAITANCE";"33802";2,145;"18/02/2025";
"CH2400055";"YY-SOUSTRAITANCE";"17514";1;"21/03/2024";
"CH2400221";"YY-SOUSTRAITANCE";"36522";1;"18/06/2024";
"CH2400222";"YY-SOUSTRAITANCE";"22014";1;"03/07/2024";
"CH2300231";"YY-SOUSTRAITANCE";"30171";1;"06/02/2024";
"CH2300231";"YY-SOUSTRAITANCE";"30171";1;"06/02/2024";
"CH2300231";"YY-SOUSTRAITANCE";"30171";1;"06/02/2024";
"CH2400297";"YY-SOUSTRAITANCE";"33802";2;"02/09/2024";
"CH2400361";"YY-SOUSTRAITANCE";"33802";3;"24/09/2024";
"CH2400170";"YY-SOUSTRAITANCE";"21099";1;"31/05/2024";
"CH2600099";"YY-SOUSTRAITANCE";"37084";1;"23/02/2026";
"CH2600099";"YY-SOUSTRAITANCE";"37084";1;"23/02/2026";
"CH2600143";"YY-SOUSTRAITANCE";"20566";1;"10/04/2026";
"CH2300259";"YY-SOUSTRAITANCE";"20561";1;"04/12/2023";
"CH2400222";"YY-SOUSTRAITANCE";"22014";1;"03/07/2024";
"CH2400289";"YY-SOUSTRAITANCE";"27177";1;"30/07/2024";
"CH2400291";"YY-SOUSTRAITANCE";"30172";1;"31/07/2024";
"CH2600091";"YY-SOUSTRAITANCE";"30171";1;"09/02/2026";
"CH2600074";"YY-SOUSTRAITANCE";"22067";1;"16/03/2026";
"CH2500652";"YY-SOUSTRAITANCE";"27118";1;"15/10/2025";
"CH2500820";"YY-SOUSTRAITANCE";"28111";1;"31/12/2026";
"CH2500820";"YY-SOUSTRAITANCE";"28111";26;"31/12/2026";
"CH2600123";"YY-SOUSTRAITANCE";"37017";10;"30/12/2026";
"CH2600161";"YY-SOUSTRAITANCE";"30171";1;"13/03/2026";
"CH2400346";"YY-SOUSTRAITANCE";"37531";1;"04/09/2024";
"CH2400094";"YY-SOUSTRAITANCE";"20129";1;"26/04/2024";
"CH2300281";"YY-SOUSTRAITANCE";"27539";1;"29/01/2024";
"CH2600202";"YY-SOUSTRAITANCE";"30171";1;"27/03/2026";
"CH2400121";"YY-SOUSTRAITANCE";"31011";1;"15/04/2024";
"CH2400200";"YY-SOUSTRAITANCE";"22069";3;"13/06/2024";
"CH2400200";"YY-SOUSTRAITANCE";"22069";1;"13/06/2024";
"CH2400161";"YY-SOUSTRAITANCE";"30172";1;"06/05/2024";
"CH2400263";"YY-SOUSTRAITANCE";"23215";1;"22/07/2024";
"CH2400263";"YY-SOUSTRAITANCE";"23215";1;"22/07/2024";
"CH2400263";"YY-SOUSTRAITANCE";"23215";1;"22/07/2024";
"CH2500169";"YY-SOUSTRAITANCE";"23527";1;"21/03/2025";
"CH2600054";"YY-SOUSTRAITANCE";"28001";2;"30/01/2026";
"CH2300254";"YY-SOUSTRAITANCE";"33518";1;"03/11/2023";
"CH2400019";"YY-SOUSTRAITANCE";"13614";2000;"07/02/2024";
"CH2400018";"YY-SOUSTRAITANCE";"22014";1;"02/02/2024";
"CH2400502";"YY-SOUSTRAITANCE";"33802";1;"08/11/2024";
"CH2400088";"YY-SOUSTRAITANCE";"22545";1;"30/04/2024";
"CA2300072";"YY-SOUSTRAITANCE";"22002";9;"10/07/2023";
"CH2200052";"YY-SOUSTRAITANCE";"30005";1;"10/01/2023";
"CH2300182";"YY-SOUSTRAITANCE";"22014";1;"21/08/2023";
"CH2300030";"YY-SOUSTRAITANCE";"22014";4;"17/02/2023";
"CH2300036";"YY-SOUSTRAITANCE";"31011";1;"24/03/2023";
"CH2200016";"YY-SOUSTRAITANCE";"31011";1;"04/11/2022";
"CH2200016";"YY-SOUSTRAITANCE";"31011";1;"04/11/2022";
"CA2300049";"YY-SOUSTRAITANCE";"19001";1;"26/05/2023";
"CH2600181";"YY-SOUSTRAITANCE";"17505";1;"19/03/2026";
"CH2300286";"YY-SOUSTRAITANCE";"33802";2;"11/01/2024";
"CH2300286";"YY-SOUSTRAITANCE";"33802";4;"11/01/2024";
"CH2500411";"YY-SOUSTRAITANCE";"33802";1;"11/07/2025";
"CH2500411";"YY-SOUSTRAITANCE";"33802";1;"30/09/2025";
"CH2600205";"YY-SOUSTRAITANCE";"30171";1;"27/03/2026";
"CH2500384";"YY-SOUSTRAITANCE";"33802";10;"25/06/2025";
"CH2400226";"YY-SOUSTRAITANCE";"27177";1;"21/06/2024";
"CH2400541";"YY-SOUSTRAITANCE";"37017";1;"20/11/2024";
"CH2400541";"YY-SOUSTRAITANCE";"37017";1;"04/04/2025";
"CH2400536";"YY-SOUSTRAITANCE";"30172";4;"27/11/2024";
"CH2400119";"YY-SOUSTRAITANCE";"17514";1;"26/04/2024";
"CH2500841";"YY-TELESURV";"33025";3;"30/12/2026";
"CH2600037";"YY-TELESURV";"23530";3;"24/12/2026";
"CH2600037";"YY-TELESURV";"23530";3;"24/12/2026";
"CH2600059";"YY-TELESURV";"33621";9;"24/12/2026";
"CH2600059";"YY-TELESURV";"33621";9;"24/12/2026";
"CA2500088";"YY-TRANSPORT";"40020";1;"22/12/2025";
"CG2501937";"YY-TRANSPORT";"40034";1;"01/12/2025";
"CH2600141";"YY-TRANSPORT";"26539";1;"19/03/2026";
"CH2500514";"YY-TRANSPORT";"28528";1;"05/09/2025";
"CH2400442";"YY-TRANSPORT";"16012";1;"23/10/2024";
"CG2400777";"YY-TRANSPORT";"17036";1;"01/08/2024";
"CG2500181";"YY-TRANSPORT";"17054";1;"24/03/2025";
"CH2400437";"YY-TRANSPORT";"22544";1;"17/10/2024";
"CH2500486";"YY-TRANSPORT";"24510";1;"07/08/2025";
"CH2400007";"YY-TRANSPORT";"26545";2;"22/03/2024";
"CH2600182";"YY-TRANSPORT";"21552";1;"20/03/2026";
"CH2500783";"YY-TRANSPORT";"20128";1;"15/12/2025";
"CG2600132";"YY-TRANSPORT";"40034";1;"23/02/2026";
"CH2300231";"YY-TRANSPORT";"30171";5;"06/02/2024";
"CG2500460";"YY-TRANSPORT";"17054";1;"08/04/2025";
"CH2500309";"YY-TRANSPORT";"24125";1;"05/06/2025";
"CH2600144";"YY-TRANSPORT";"26119";1;"20/03/2026";
"CH2500445";"YY-TRANSPORT";"21514";1;"06/08/2025";
"CG2401152";"YY-TRANSPORT";"40007";1;"10/10/2024";
"CH2600149";"YY-TRANSPORT";"22072";1;"20/03/2026";
"CG2401295";"YY-TRANSPORT";"11518";1;"12/11/2024";
"CG2502077";"YY-TRANSPORT";"17054";1;"09/01/2026";
"CG2501768";"YY-TRANSPORT";"40034";1;"04/11/2025";
"CH2500149";"YY-TRANSPORT";"21552";1;"21/03/2025";
"CH2300253";"YY-TRANSPORT";"10504";1;"17/01/2024";
"CH2600197";"YY-TRANSPORT";"26545";1;"02/04/2026";
"CH2500459";"YY-TRANSPORT";"22544";1;"06/08/2025";
"CG2600330";"YY-TRANSPORT";"17014";1;"01/04/2026";
"CH2600054";"YY-TRANSPORT";"28001";1;"30/01/2026";
"CG2401400";"YY-TRANSPORT";"40007";1;"17/12/2024";
"CH2400377";"YY-TRANSPORT";"25511";1;"19/09/2024";
"CH2200026";"YY-TRANSPORT";"22064";10;"02/11/2022";
"CH2500422";"YY-TRANSPORT";"27547";1;"05/08/2025";
"CH2600171";"YY-TRANSPORT";"30168";1;"19/03/2026";
"CH2400023";"YY-TRANSPORT";"30142";1;"08/02/2024";
"CH2600023";"YY-TRANSPORT";"25508";1;"22/01/2026";
"CA2300059";"YY-TRANSPORT";"21054";1;"14/11/2024";
"CH2600166";"YY-TRANSPORT";"24510";1;"10/03/2026";
"CG2600635";"D7367";"36900";100000;"07/04/2026";
"CH2500374";"YY-ABTDOCSTECH";"31003";1;"23/06/2025";
"COA2400006";"A7752L01";"40027";20000;"06/05/2026";
"COA2400006";"A7752L01";"40027";20000;"08/06/2026";
"COA2400006";"A7752L01";"40027";20000;"06/07/2026";
"COA2400006";"A7752L01";"40027";20000;"07/09/2026";
"COA2400006";"A7752L01";"40027";20000;"05/10/2026";
"COA2400006";"A7752L01";"40027";20000;"09/11/2026";
"COA2400006";"A7752L01";"40027";20000;"08/12/2026";
"COA2400006";"A7752L01";"40027";20000;"05/01/2027";
"CH2600208";"YY-AGENCEMENT";"37531";1;"31/03/2026";
"CH2600178";"YY-AGENCEMENT";"37074";1;"17/03/2026";
"CG2600536";"11016881";"40036";14000;"03/04/2026";
"CG2600659";"11016789";"40025";4000;"07/04/2026";
"CG2600696";"11016786";"40025";800;"08/04/2026";
"CG2600580";"11019869";"15006";1440;"16/04/2026";
"CG2600552";"11019869";"15006";2160;"09/04/2026";
"CG2600515";"11019869";"15006";2880;"16/04/2026";
"CG2600369";"11019869";"15006";4320;"26/03/2026";
"CG2600448";"11019869";"15006";2880;"02/04/2026";
"CG2600515";"11019869";"15006";720;"08/04/2026";
"CG2600721";"11019869";"15006";2880;"30/04/2026";
"CG2600537";"11018989";"40014";2000;"30/03/2026";
"CG2600563";"11018779";"40033";3000;"31/03/2026";
"CG2600689";"11018766";"40028";3000;"21/04/2026";
"CG2600537";"11018986";"40014";2000;"30/03/2026";
"CG2600407";"11018773";"15006";1750;"26/03/2026";
"CG2600407";"11018772";"15006";1750;"26/03/2026";
"CG2600547";"11016784";"40025";1000;"23/03/2026";
"CG2600547";"11016783";"40025";1050;"23/03/2026";
"CG2600241";"11011616";"16524";1400;"27/03/2026";
"CG2600234";"U7547-01";"20128";14000;"26/06/2026";
"CG2600474";"A7641";"11033";320;"02/04/2026";
"CG2600629";"11016792";"40025";2000;"30/03/2026";
"CG2600629";"11016791";"40025";2000;"30/03/2026";
"CG2600576";"11016788";"40025";2500;"25/03/2026";
"CG2600561";"11016787";"40025";2500;"23/03/2026";
"CG2600547";"11016782";"40025";700;"23/03/2026";
"CG2600440";"A5651U";"27004";2000;"24/03/2026";
"CG2600538";"11011732";"15006";1000;"08/04/2026";
"CG2600430";"11011732";"15006";1000;"02/04/2026";
"CG2600576";"11016981";"40025";1440;"25/03/2026";
"CG2600605";"11016981";"40025";1440;"30/03/2026";
"CG2600698";"11016863";"40023";600;"22/04/2026";
"CG2600547";"11016942";"40025";500;"23/03/2026";
"CG2600547";"11016942";"40025";400;"23/03/2026";
"CG2600629";"11016936";"40025";1500;"30/03/2026";
"CG2600629";"11016807";"40025";240;"30/03/2026";
"CG2600629";"11016802";"40025";2400;"30/03/2026";
"CG2600448";"11011789";"15006";2000;"02/04/2026";
"CG2600552";"11011773";"15006";1200;"09/04/2026";
"CG2600343";"11011773";"15006";2400;"26/03/2026";
"CG2600580";"11019894";"15006";1920;"16/04/2026";
"CG2600448";"11019894";"15006";1920;"08/04/2026";
"CG2600702";"11019894";"15006";1920;"23/04/2026";
"CG2600538";"11019894";"15006";1920;"16/04/2026";
"CG2600538";"11019894";"15006";1920;"08/04/2026";
"CG2600407";"11019894";"15006";1920;"02/04/2026";
"CG2600690";"11018830";"40033";24000;"21/04/2026";
"CG2600561";"11016781";"40025";500;"23/03/2026";
"CG2600563";"11018884";"40033";4000;"24/03/2026";
"CG2600398";"11011768";"40013";4891;"24/03/2026";
"CH2500313";"YY-MAINTENANCEMECA";"32675";1;"30/09/2026";
"CH2500313";"YY-MAINTENANCEMECA";"32675";1;"30/09/2027";
"CH2500313";"YY-MAINTENANCEMECA";"32675";1;"02/10/2028";
"CH2400243";"YY-MAINTENANCEMECA";"24129";1;"25/06/2024";
"CH2400065";"YY-MAINTENANCEMECA";"20080";1;"15/03/2024";
"CH2500313";"YY-MAINTENANCEMECA";"32675";1;"30/09/2026";
"CH2500313";"YY-MAINTENANCEMECA";"32675";1;"30/09/2027";
"CH2500313";"YY-MAINTENANCEMECA";"32675";1;"02/10/2028";
"CH2500313";"YY-MAINTENANCEMECA";"32675";1;"27/05/2027";
"CH2500313";"YY-MAINTENANCEMECA";"32675";1;"26/05/2028";
"CH2500313";"YY-MAINTENANCEMECA";"32675";1;"25/05/2029";
"CH2400201";"YY-MAINTENANCEMECA";"22069";1;"13/06/2024";
"CH2400201";"YY-MAINTENANCEMECA";"22069";1;"13/06/2024";
"CH2400202";"YY-MAINTENANCEMECA";"20080";1;"04/06/2024";
"CH2400191";"YY-MAINTENANCEMECA";"16026";1;"03/06/2024";
"CH2400191";"YY-MAINTENANCEMECA";"16026";1;"03/06/2024";
"CH2400215";"YY-MAINTENANCEMECA";"37531";1;"24/06/2024";
"CH2500313";"YY-MAINTENANCEMECA";"32675";1;"27/05/2026";
"CH2400095";"YY-MAINTENANCEMECA";"37556";1;"28/03/2024";
"CG2600605";"11016982";"40025";4800;"30/03/2026";
"CG2600522";"11016979";"40025";1200;"24/03/2026";
"CH2600129";"YY-FOURNDIVMECA";"16516";1;"23/02/2026";
"CH2600130";"YY-FOURNDIVMECA";"27172";1;"27/02/2026";
"CH2600076";"YY-FOURNDIVMECA";"20508";3;"24/02/2026";
"CH2600077";"YY-FOURNDIVMECA";"16516";5;"06/02/2026";
"CH2400253";"YY-FOURNDIVMECA";"27117";100;"04/07/2024";
"CH2400253";"YY-FOURNDIVMECA";"27117";100;"12/07/2024";
"CH2400253";"YY-FOURNDIVMECA";"27117";100;"04/07/2024";
"CH2400253";"YY-FOURNDIVMECA";"27117";100;"04/07/2024";
"CH2400253";"YY-FOURNDIVMECA";"27117";100;"04/07/2024";
"CH2400253";"YY-FOURNDIVMECA";"27117";50;"04/07/2024";
"CH2400253";"YY-FOURNDIVMECA";"27117";50;"04/07/2024";
"CH2400253";"YY-FOURNDIVMECA";"27117";24;"04/07/2024";
"CH2400253";"YY-FOURNDIVMECA";"27117";24;"04/07/2024";
"CH2400253";"YY-FOURNDIVMECA";"27117";200;"04/07/2024";
"CH2400253";"YY-FOURNDIVMECA";"27117";200;"12/07/2024";
"CH2400253";"YY-FOURNDIVMECA";"27117";5;"04/07/2024";
"CH2400253";"YY-FOURNDIVMECA";"27117";2;"18/07/2024";
"CH2600168";"YY-FOURNDIVMECA";"16516";1;"09/03/2026";
"CH2600134";"YY-FOURNDIVBAT";"21097";1;"06/03/2026";
"CH2400303";"YY-FOURNDIVBAT";"21533";1;"25/07/2024";
"CH2400303";"YY-FOURNDIVBAT";"21533";5;"25/07/2024";
"CH2400303";"YY-FOURNDIVBAT";"21533";4;"25/07/2024";
"CH2600117";"YY-FOURNDIVBAT";"35020";1;"27/02/2026";
"CH2500820";"YY-FOURNDIVBAT";"28111";22;"18/12/2025";
"CH2500688";"YY-FOURNDIVBAT";"20019";4;"17/11/2025";
"CH2500660";"YY-FOURNDIVBAT";"16516";2;"12/02/2026";
"CH2600086";"YY-FOURNDIVBAT";"28111";10;"12/02/2026";
"CH2600199";"YY-FOURNDIVBAT";"20117";2;"25/03/2026";
"CH2600201";"YY-FOURNDIVBAT";"21533";3;"27/03/2026";
"CH2600201";"YY-FOURNDIVBAT";"21533";3;"27/03/2026";
"CH2600201";"YY-FOURNDIVBAT";"21533";4;"27/03/2026";
"CH2500658";"YY-FOURNDIVBAT";"28520";8;"03/11/2025";
"CH2500658";"YY-FOURNDIVBAT";"28520";1;"03/11/2025";
"CH2500658";"YY-FOURNDIVBAT";"28520";1;"03/11/2025";
"CH2600176";"YY-FOURNDIVBAT";"36032";1;"10/03/2026";
"CH2600183";"YY-ESSAIS";"31062";1;"01/04/2026";
"CH2600183";"YY-ESSAIS";"31062";1;"01/04/2026";
"CH2400403";"YY-ESSAIS";"21550";1;"04/10/2024";
"CH2600171";"YY-ESSAIS";"30168";1;"19/03/2026";
"CH2600171";"YY-ESSAIS";"30168";1;"19/03/2026";
"CH2500283";"YY-ETALONNAGE";"31009";1;"02/06/2025";
"CH2400320";"YY-ETALONNAGE";"21079";1;"27/08/2024";
"CH2600148";"YY-ETALONNAGE";"30171";2;"13/03/2026";
"CH2600148";"YY-ETALONNAGE";"30171";2;"13/03/2026";
"CH2600043";"YY-FOURNELEC";"20045";9;"24/12/2026";
"CH2600106";"YY-FOURNELEC";"16516";4;"13/02/2026";
"CH2400552";"YY-FOURNELEC";"19001";3;"20/12/2024";
"CH2500415";"YY-FOURNELEC";"16516";2;"22/07/2025";
"CH2500748";"YY-FOURNELEC";"16516";3;"10/12/2025";
"CH2600204";"YY-FOURNELEC";"16516";3;"01/04/2026";
"CH2500409";"YY-FOURNPRODUIT";"22063";2;"25/07/2025";
"CH2500409";"YY-FOURNPRODUIT";"22063";2;"25/07/2025";
"CH2500409";"YY-FOURNPRODUIT";"22063";2;"25/07/2025";
"CH2500409";"YY-FOURNPRODUIT";"22063";2;"25/07/2025";
"CH2500409";"YY-FOURNPRODUIT";"22063";2;"25/07/2025";
"CH2500409";"YY-FOURNPRODUIT";"22063";2;"25/07/2025";
"CH2600155";"YY-FOURNPRODUIT";"22063";2;"27/03/2026";
"CH2600155";"YY-FOURNPRODUIT";"22063";2;"27/03/2026";
"CH2600155";"YY-FOURNPRODUIT";"22063";1;"27/03/2026";
"CG2600629";"11016984";"40025";2100;"30/03/2026";
"CG2600611";"11085022";"40034";960;"23/03/2026";
"CG2600674";"11085022";"40034";960;"31/03/2026";
"CG2600694";"11085022";"40034";1920;"07/04/2026";
"CG2600412";"11018777";"10002";1920;"16/06/2026";
"CG2502371";"11018777";"10002";1920;"07/04/2026";
"CH2600141";"YY-FOURNINDUS/METH";"26539";1;"19/03/2026";
"CH2600206";"YY-FOURNINDUS/METH";"26545";19;"30/03/2026";
"CH2400278";"YY-FOURNINDUS/METH";"20506";1;"12/07/2024";
"CH2400278";"YY-FOURNINDUS/METH";"20506";2;"12/07/2024";
"CH2600197";"YY-FOURNINDUS/METH";"26545";1;"02/04/2026";
"CH2600058";"YY-FOURNINDUS/METH";"27019";1;"03/02/2026";
"CH2400416";"YY-FOURNINDUS/METH";"20117";1;"01/10/2024";
"CH2600127";"YY-FOURNINDUS/METH";"25520";1;"02/03/2026";
"CH2600203";"YY-FOURNINDUS/METH";"20117";1;"25/03/2026";
"CH2600203";"YY-FOURNINDUS/METH";"20117";2;"25/03/2026";
"CH2600203";"YY-FOURNINDUS/METH";"20117";5;"25/03/2026";
"CG2600629";"11016972";"40025";2160;"30/03/2026";
"CG2600567";"11085489";"40034";360;"31/03/2026";
"CG2600667";"11085169";"10002";200;"08/04/2026";
"CG2600511";"11011988";"16524";11520;"07/04/2026";
"CG2600628";"11011988";"16524";11520;"16/04/2026";
"CH2400533";"YY-PRESTAINFOR";"30179";1;"14/11/2024";
"CH2400533";"YY-PRESTAINFOR";"30179";1;"14/11/2024";
"CG2600576";"11016969";"40025";1050;"02/04/2026";
"CG2600605";"11016969";"40025";1050;"30/03/2026";
"CG2600436";"11016969";"40025";210;"09/03/2026";
"CG2600535";"11010980";"16524";360;"07/04/2026";
"CG2600628";"11010980";"16524";360;"16/04/2026";
"CG2600552";"11019875";"15006";960;"16/04/2026";
"CG2600702";"11019875";"15006";480;"23/04/2026";
"CG2600407";"11019875";"15006";960;"26/03/2026";
"CG2600679";"11085571";"40034";450;"07/04/2026";
"CG2501635";"11018982";"40015";288;"02/03/2026";
"CG2600248";"11018982";"40015";288;"15/06/2026";
"CH2500785";"YY-MAINTCHARIOT";"37033";1;"18/12/2025";
"CH2400568";"YY-MAINTCHARIOT";"23708";1;"02/12/2024";
"CH2400568";"YY-MAINTCHARIOT";"23708";1;"02/12/2024";
"CG2600636";"11018981";"40028";12500;"14/04/2026";
"CG2600198";"11085160";"17054";594;"24/03/2026";
"CG2600700";"11085160";"17054";660;"14/04/2026";
"CG2600580";"11019889";"15006";1440;"16/04/2026";
"CG2600552";"11019889";"15006";1440;"16/04/2026";
"CG2600371";"11019889";"15006";2880;"26/03/2026";
"CG2600721";"11019889";"15006";2880;"30/04/2026";
"CG2600407";"11019889";"15006";2880;"02/04/2026";
"CG2600611";"11085304";"40034";175;"30/03/2026";
"CG2600385";"E7717";"20560";60000;"30/03/2026";
"CG2600723";"E7717";"20560";60000;"08/05/2026";
"CG2600547";"11016978";"40025";768;"23/03/2026";
"CG2600696";"11016940";"40025";1000;"08/04/2026";
"CG2600576";"11016938";"40025";3600;"25/03/2026";
"CG2600659";"11016938";"40025";3600;"02/04/2026";
"CG2600341";"11018966";"10002";1728;"09/06/2026";
"CG2502167";"11018966";"10002";1728;"31/03/2026";
"CG2600659";"11016970";"40025";1200;"02/04/2026";
"CG2600547";"11016941";"40025";500;"23/03/2026";
"CG2600522";"11016809";"40025";600;"24/03/2026";
"CG2600696";"11016809";"40025";600;"08/04/2026";
"CG2600547";"11016801";"40025";4800;"23/03/2026";
"CG2600659";"11016790";"40025";8000;"07/04/2026";
"CG2600227";"11016880";"40036";5000;"27/03/2026";
"CG2600696";"11016808";"40025";330;"08/04/2026";
"CG2600658";"11010981";"16524";1620;"13/04/2026";
"CG2600171";"11010981";"16524";1620;"27/03/2026";
"CG2502163";"11018612";"40025";54;"09/01/2026";
"CG2600536";"11016989";"40036";1000;"03/04/2026";
"CG2600625";"CE7035-01";"19001";1008;"14/09/2026";
"CA2000091";"CE7035-01";"19001";2;"02/12/2020";
"CG2600634";"U5759";"14018";100;"18/05/2026";
"CG2600588";"CE3172";"15004";250;"06/11/2026";
"CG2501601";"CE7097-01";"19001";336;"14/07/2026";
"CG2600635";"D4702";"36900";15000;"07/04/2026";
"CG2501325";"CE7554-01";"17505";32;"12/03/2026";
"CG2600506";"CE7554-01";"17505";512;"21/07/2026";
"CG2502368";"CE7554-01";"17505";512;"10/06/2026";
"CG2600079";"CE7554-01";"17505";512;"24/06/2026";
"CG2600268";"CE3898";"17505";1800;"01/09/2026";
"CG1701574";"D6275";"36900";25;"02/11/2017";
"CG2600583";"G574";"12506";20000;"09/04/2026";
"CG2501914";"K631";"10512";41000;"20/05/2026";
"CG2501914";"K631";"10512";59000;"03/06/2026";
"CH2400204";"YY-MATBUREAU";"20090";5;"06/06/2024";
"CH2400204";"YY-MATBUREAU";"20090";1;"06/06/2024";
"CH2400025";"YY-MATBUREAU";"23637";5;"12/02/2024";
"CH2400421";"YY-MATBUREAU";"23637";8;"08/10/2024";
"CH2400240";"YY-MATMANUT";"37033";1;"15/07/2024";
"CH2400240";"YY-MATMANUT";"37033";1;"15/07/2024";
"CH2400240";"YY-MATMANUT";"37033";1;"15/07/2024";
"CH2400114";"YY-MATMANUT";"23708";1;"17/04/2024";
"CH2400379";"YY-MATMANUT";"20556";1;"16/09/2024";
"CH2400164";"YY-MATMANUT";"20556";1;"06/05/2024";
"CH2400164";"YY-MATMANUT";"20556";1;"06/05/2024";
"CH2500796";"YY-MATMANUT";"20556";2;"05/01/2026";
"CH2500339";"YY-MATMANUT";"20556";1;"30/06/2025";
"CH2500338";"YY-MATMANUT";"20556";1;"30/06/2025";
"CH2400031";"YY-MATMANUT";"37033";1;"16/02/2024";
"CH2500796";"YY-MATMANUT";"20556";36;"05/01/2026";
"CH2400125";"YY-MATMANUT";"20556";1;"15/04/2024";
"CH2400526";"YY-MATMANUT";"37033";1;"07/11/2024";
"CH2500337";"YY-MATMANUT";"20556";1;"30/06/2025";
"CH2500340";"YY-MATMANUT";"20556";1;"30/06/2025";
"CH2400265";"YY-MATMANUT";"23708";1;"19/07/2024";
"CH2400033";"YY-MATMANUT";"23708";1;"16/02/2024";
"CH2400089";"YY-MATPRODINT";"25520";1;"12/04/2024";
"CH2400089";"YY-MATPRODINT";"25520";1;"12/04/2024";
"CH2400089";"YY-MATPRODINT";"25520";1;"12/04/2024";
"CH2400089";"YY-MATPRODINT";"25520";1;"12/04/2024";
"CH2400089";"YY-MATPRODINT";"25520";1;"12/04/2024";
"CG2600648";"F2287";"16516";3;"24/03/2026";
"CG2600477";"F3968";"21007";11280;"03/04/2026";
"FP2500089";"XFP0022";"21513";4;"22/10/2025";
"CG2501934";"E7010";"15507";140;"09/12/2025";
"CG2501973";"E7010";"15507";2430;"30/03/2026";
"CG2501973";"E7010";"15507";2430;"14/04/2026";
"CG2501972";"E7010";"15507";450;"25/02/2026";
"CG2600209";"V4254";"25007";8100;"24/09/2026";
"CG2600478";"E6754";"15507";800;"07/05/2026";
"CG2600478";"E6754";"15507";800;"01/07/2026";
"CG2600478";"E6754";"15507";800;"03/04/2026";
"CG2600348";"E4735";"15507";1000;"25/03/2026";
"CG2600542";"E4770";"15507";2280;"08/04/2026";
"CG2600542";"E7041";"15507";3640;"14/04/2026";
"CG2600542";"E7041";"15507";3640;"13/05/2026";
"CG2600542";"E7041";"15507";3640;"08/04/2026";
"FP2500082";"XFP0020";"21513";4;"19/09/2025";
"CG2501471";"V3334";"22002";114;"12/05/2026";
"CG2501471";"V3334";"22002";462;"10/06/2026";
"CG2501471";"V3334";"22002";576;"23/06/2026";
"CG2501471";"V3334";"22002";576;"07/09/2026";
"CG2600640";"E2736";"15507";5760;"28/04/2026";
"FP2500119";"XFP0016";"21513";6;"09/01/2026";
"CG2600592";"E7368";"15507";21000;"11/05/2026";
"CG2600592";"E7368";"15507";21000;"18/05/2026";
"CG2600592";"E7368";"15507";21000;"26/05/2026";
"CG2600472";"E7368";"15507";21000;"30/03/2026";
"CG2600472";"E7368";"15507";21000;"07/04/2026";
"CG2600472";"E7368";"15507";21000;"13/04/2026";
"CG2600472";"E7368";"15507";21000;"28/04/2026";
"CG2600592";"E7368";"15507";21000;"06/05/2026";
"CG2600706";"E7414";"15507";1000;"23/04/2026";
"CA2300029";"E7414";"15507";120;"27/03/2023";
"CS2600008";"MD2534S";"11025";400;"22/04/2026";
"CH2500778";"YY-MAINTBAT";"20117";2;"03/12/2025";
"CH2500778";"YY-MAINTBAT";"20117";2;"03/12/2025";
"CH2500803";"YY-MAINTBAT";"27139";1;"06/02/2026";
"CH2600005";"YY-MAINTBAT";"33024";9;"30/12/2026";
"CH2600005";"YY-MAINTBAT";"33024";9;"30/12/2026";
"CG2600699";"11028657";"17055";350;"22/04/2026";
"CG2600669";"11028656";"17055";1225;"24/03/2026";
"CG2600509";"11028655";"17055";350;"24/03/2026";
"CG2600669";"11028655";"17055";350;"05/05/2026";
"CG2600345";"11028654";"17055";700;"19/03/2026";
"CG2600373";"11028653";"17055";525;"23/03/2026";
"CG2600373";"11028652";"17055";106;"23/03/2026";
"CG2600509";"11028648";"17055";350;"02/04/2026";
"CG2600699";"11028648";"17055";350;"22/04/2026";
"CG2600554";"11028647";"17055";1050;"07/04/2026";
"CG2600638";"11028647";"17055";525;"13/04/2026";
"CG2600521";"11028647";"17055";525;"30/03/2026";
"CG2600677";"11028647";"17055";1050;"16/04/2026";
"CG2600554";"11028647";"17055";525;"13/04/2026";
"CG2600638";"11028647";"17055";1050;"20/04/2026";
"CG2600666";"11028699";"11036";1000;"08/07/2026";
"CG2600189";"11028699";"11036";1000;"04/05/2026";
"CG2502270";"11028699";"11036";17;"24/03/2026";
"CG2600056";"11028686";"20128";1050;"16/07/2026";
"CG2600289";"11028686";"20128";3150;"19/06/2026";
"CG2600522";"11028683";"40025";360;"24/03/2026";
"CG2600605";"11028692";"40025";360;"09/04/2026";
"CG2600696";"11028684";"40025";600;"09/04/2026";
"CS2600003";"11018762S";"14507";6800;"12/02/2026";
"CG2600212";"A6799Y01RAL7004";"11518";130;"24/03/2026";
"CG2501741";"A7181YRAL7039";"27004";210;"05/01/2026";
"FP2500105";"XFP0277";"26546";29;"12/11/2025";
"CG2600672";"11085381";"40009";768;"09/04/2026";
"CG2600672";"11085381";"40009";768;"10/04/2026";
"CG2600296";"TA7398E01";"16012";2160;"24/03/2026";
"CH2600069";"YY-PRESTAKARDOL";"33802";3,393;"05/02/2026";
"CH2600020";"YY-PRESTAKARDOL";"33802";0,965;"30/01/2026";
"CH2600152";"YY-PRESTASALARIES";"31532";10;"31/12/2026";
"CH2600121";"YY-PRESTASALARIES";"31061";9;"30/12/2026";
"CH2600177";"YY-PRESTASALARIES";"33714";170;"30/03/2026";
"CH2600177";"YY-PRESTASALARIES";"33714";170;"30/03/2026";
"CH2600135";"YY-PRESTASALARIES";"33048";10;"23/12/2026";
"CH2500121";"YY-ROYALTIES";"10002";1;"26/02/2025";
"CH2600072";"YY-ROYALTIES";"10002";10;"15/01/2026";
"CG2600662";"A7375A01";"14532";38400;"18/05/2026";
"CG2600497";"11085016";"40027";1800;"25/03/2026";
"CG2600591";"11085016";"40027";3600;"30/03/2026";
"CG2600580";"11085017";"15006";720;"16/04/2026";
"CG2600371";"11085017";"15006";7200;"02/04/2026";
"CG2600371";"11085017";"15006";3600;"26/03/2026";
"CG2600702";"11085017";"15006";2160;"16/04/2026";
"CG2600604";"11085026";"15006";10500;"23/04/2026";
"CG2600678";"11085026";"15006";10500;"24/04/2026";
"CG2600320";"11085026";"15006";10500;"26/03/2026";
"CG2600371";"11085026";"15006";21000;"26/03/2026";
"CG2600702";"11085026";"15006";21000;"07/05/2026";
"CG2600708";"11085266";"40008";13000;"23/04/2026";
"CG2600618";"11085385";"17054";1320;"14/04/2026";
"CG2600618";"11085385";"17054";1320;"07/04/2026";
"CG2600676";"11012978";"10054";2400;"23/04/2026";
"CG2600676";"11012979";"10054";1200;"04/05/2026";
"CG2502089";"11022900";"40016";3696;"01/04/2026";
"CG2600642";"11022900";"40016";7392;"18/08/2026";
"CG2600069";"11022900";"40016";3696;"15/06/2026";
"CG2501650";"11022900";"40016";3696;"01/04/2026";
"CG2502230";"11022900";"40016";3696;"12/05/2026";
"CG2502231";"11022900";"40016";3696;"25/05/2026";
"CG2600069";"11022900";"40016";3696;"29/06/2026";
"CG2600069";"11022900";"40016";7392;"06/07/2026";
"CG2502162";"11022900";"40016";3696;"04/05/2026";
"CG2600391";"11022900";"40016";11088;"27/07/2026";
"CG2502018";"11022900";"40016";3696;"25/03/2026";
"CG2502019";"11022900";"40016";3696;"25/03/2026";
"CG2502020";"11022900";"40016";3696;"01/04/2026";
"CG2502094";"11022900";"40016";3696;"04/05/2026";
"CG2502095";"11022900";"40016";3696;"04/05/2026";
"CG2501752";"11022900";"10002";5208;"08/06/2026";
"CG2600671";"11022905";"22006";144;"18/05/2026";
"CG2600718";"11022905";"22006";144;"26/05/2026";
"CG2600116";"11022908";"40006";504;"18/05/2026";
"CG2600335";"11022908";"40006";1008;"20/05/2026";
"CG2600116";"11022908";"40006";504;"27/04/2026";
"CG2600392";"11022908";"40006";1008;"26/05/2026";
"CG2600047";"11022908";"40006";504;"28/04/2026";
"CG2600673";"11085407";"40027";6300;"31/03/2026";
"CG2600243";"11085407";"40027";1800;"20/02/2026";
"CG2600384";"11085681";"17512";18000;"23/03/2026";
"CG2600674";"11085727";"40034";1408;"27/04/2026";
"CG2600374";"11085727";"40034";176;"17/03/2026";
"CG2600611";"11085832";"40034";2700;"30/03/2026";
"CG2600637";"11085832";"40034";900;"07/04/2026";
"CG2600674";"11085832";"40034";1350;"16/04/2026";
"CG2600694";"11085832";"40034";2250;"14/04/2026";
"CG2600530";"11085832";"40034";2250;"23/03/2026";
"CG2600088";"11022910";"40006";1008;"21/05/2026";
"CG2600210";"11022910";"40006";504;"07/05/2026";
"CG2502366";"11022910";"40006";504;"19/03/2026";
"CG2502367";"11022910";"40006";504;"27/03/2026";
"CG2600392";"11022910";"40006";1008;"26/05/2026";
"CG2600047";"11022910";"40006";504;"28/04/2026";
"CG2600342";"11022912";"22006";1440;"14/04/2026";
"CG2600446";"11022913";"40006";504;"15/06/2026";
"CG2600092";"11022913";"40006";504;"18/05/2026";
"CG2600116";"11022913";"40006";504;"27/04/2026";
"CG2600392";"11022913";"40006";1008;"26/05/2026";
"CG2600611";"11085833";"40034";1100;"13/04/2026";
"CG2600637";"11085833";"40034";1100;"20/04/2026";
"CG2600674";"11085833";"40034";550;"16/04/2026";
"CG2600679";"11085833";"40034";1925;"16/04/2026";
"CG2600374";"11085833";"40034";2750;"24/03/2026";
"CG2600567";"11085833";"40034";1100;"07/04/2026";
"CG2600513";"11085833";"40034";825;"31/03/2026";
"CG2600694";"11085833";"40034";5775;"28/04/2026";
"CG2600172";"11079076";"11042";1000;"07/04/2026";
"CG2600172";"11079076";"11042";1000;"01/06/2026";
"CG2600645";"11079076";"11042";3000;"17/08/2026";
"CG2600187";"11079076";"11042";1000;"01/07/2026";
"CG2600695";"E7855";"40024";150;"29/04/2026";
"CG2600685";"11022965";"13615";7000;"07/04/2026";
"CG2600312";"11033701";"17055";525;"30/03/2026";
"CG2600677";"11033705";"17055";525;"23/03/2026";
"CG2600677";"11033822";"17055";525;"09/04/2026";
"CG2600610";"11028820";"40027";9000;"13/04/2026";
"CG2600673";"11028820";"40027";5400;"16/04/2026";
"CG2502380";"11028820";"40027";10800;"23/03/2026";
"CG2600687";"11028820";"40027";7200;"20/04/2026";
"CG2600549";"11028820";"40027";5400;"07/04/2026";
"CG2600424";"11028820";"40027";10800;"30/03/2026";
"CG2600371";"11028837";"15006";3200;"26/03/2026";
"CG2600688";"11028837";"15006";3200;"30/04/2026";
"CG2600528";"11028837";"15006";3200;"16/04/2026";
"CG2600371";"11028838";"15006";3200;"26/03/2026";
"CG2600528";"11028838";"15006";3200;"16/04/2026";
"CG2600688";"11028838";"15006";3200;"30/04/2026";
"CG2600604";"11028851";"15006";2400;"23/04/2026";
"CG2600369";"11028851";"15006";7200;"26/03/2026";
"CG2600688";"11028851";"15006";2400;"30/04/2026";
"CG2600713";"11033875";"40025";1440;"03/04/2026";
"CG2600713";"11033876";"40025";720;"30/03/2026";
"CG2600713";"11033876";"40025";1800;"03/04/2026";
"CG2600627";"11033879";"40025";2000;"27/03/2026";
"CG2600713";"11033879";"40025";4000;"02/04/2026";
"CG2600712";"11033880";"40025";1296;"27/03/2026";
"CG2600668";"11033880";"40025";432;"25/03/2026";
"CG2600610";"11033883";"40027";2940;"20/04/2026";
"CG2600687";"11033883";"40027";2940;"28/04/2026";
"CG2600424";"11033883";"40027";2940;"07/04/2026";
"CG2600712";"11028877";"40025";1092;"27/03/2026";
"CG2600668";"11028877";"40025";798;"25/03/2026";
"CG2600691";"11028877";"40025";714;"26/03/2026";
"CG2600371";"11028887";"15006";8000;"26/03/2026";
"CG2600688";"11028887";"15006";8000;"30/04/2026";
"CG2600627";"11033906";"40025";3024;"27/03/2026";
"CG2600713";"11033906";"40025";3528;"03/04/2026";
"CG2600627";"11033917";"40025";3456;"27/03/2026";
"CG2600713";"11033917";"40025";1440;"30/03/2026";
"CG2600713";"11033917";"40025";2880;"03/04/2026";
"CG2600712";"11033919";"40025";432;"27/03/2026";
"CG2600691";"11033919";"40025";864;"26/03/2026";
"CG2600713";"11033978";"40025";1600;"02/04/2026";
"CG2600627";"11033992";"40025";2560;"27/03/2026";
"CG2600713";"11033992";"40025";3584;"03/04/2026";
"CG2600371";"11028889";"15006";8000;"26/03/2026";
"CG2600627";"11028891";"40025";1080;"27/03/2026";
"CG2600713";"11028891";"40025";1728;"30/03/2026";
"CG2600713";"11028891";"40025";3888;"02/04/2026";
"CG2600550";"11028891";"40025";12;"19/03/2026";
"CG2600713";"11028892";"40025";1500;"30/03/2026";
"CG2600713";"11028892";"40025";1500;"03/04/2026";
"CG2600627";"11028894";"40025";1200;"27/03/2026";
"CG2600713";"11028894";"40025";1440;"30/03/2026";
"CG2600713";"11028894";"40025";2400;"02/04/2026";
"CG2600713";"11028895";"40025";1200;"30/03/2026";
"CG2600713";"11028895";"40025";720;"02/04/2026";
"CA2500067";"11022914";"10056";1008;"18/08/2026";
"CA2500067";"11022914";"10056";144;"15/04/2026";
"CA2500068";"11022914";"10056";1152;"21/12/2026";
"CA2500043";"11028696";"11036";500;"27/04/2026";
"CG2502270";"11028696";"11036";1920;"29/05/2026";
"CA2500079";"11079074";"11042";1000;"02/03/2026";
"CG2600070";"11086159";"40011";8000;"13/05/2026";
"CG2600393";"11086159";"40011";10000;"08/06/2026";
"CG2502091";"11086159";"40011";9000;"07/04/2026";
"CG2600643";"11086160";"40011";8830;"10/07/2026";
"CG2502184";"11086160";"40011";10000;"28/04/2026";
"CG2600584";"11086160";"40011";1000;"01/07/2026";
"CG2600585";"11086160";"40011";1000;"06/07/2026";
"CG2600375";"11086453";"40001";10000;"30/03/2026";
"CG2600704";"11086453";"40001";10000;"30/04/2026";
"CG2600375";"11086454";"40001";10200;"30/03/2026";
"CG2600719";"11086500";"19001";280;"21/05/2026";
"CG2600507";"11086500";"19001";280;"14/05/2026";
"CG2600675";"11089400";"14507";16000;"02/04/2026";
"CG2600675";"11089400";"14507";40000;"13/04/2026";
"CG2600188";"11028700";"11036";1012;"04/05/2026";
"CG2502289";"11028700";"11036";816;"30/03/2026";
"CG2600355";"TA7399";"16012";7200;"25/03/2026";
"CG2600426";"TA7399";"16012";3600;"26/03/2026";
"CH2600196";"YY-LOYERCOLLEGIEN";"37009";1;"01/04/2026";
"CG2600028";"11033732";"17054";900;"20/04/2026";
"CG2600053";"11033790";"40023";710;"10/06/2026";
"CG2501324";"11033790";"40023";4260;"15/04/2026";
"CG2501635";"11033795";"40015";960;"02/03/2026";
"CG2502163";"11033796";"40025";98;"09/01/2026";
"CG2600068";"11033801";"40017";504;"22/06/2026";
"CG2502165";"11033801";"40017";504;"02/06/2026";
"CG2502368";"11033814";"17505";25;"30/04/2026";
"CG2502272";"11033816";"17505";175;"10/07/2026";
"CG2501463";"11033816";"17505";200;"23/03/2026";
"CG2600118";"11033816";"17505";175;"18/06/2026";
"CG2501323";"11033816";"17505";533;"24/04/2026";
"CG2502368";"11033816";"17505";175;"21/05/2026";
"CG2501473";"11033817";"17505";40;"25/02/2026";
"CG2502295";"11033818";"40030";120;"12/06/2026";
"CG2600410";"11033818";"40030";120;"26/06/2026";
"CG2501867";"11033818";"40030";240;"27/03/2026";
"CG2600333";"11033818";"40030";120;"19/06/2026";
"CG2502232";"11033818";"40030";120;"26/05/2026";
"CG2600490";"11033818";"40030";120;"29/06/2026";
"CG2600490";"11033818";"40030";120;"06/07/2026";
"CG2600490";"11033818";"40030";120;"20/07/2026";
"CG2600490";"11033818";"40030";360;"27/07/2026";
"CG2502149";"11033818";"40030";120;"04/05/2026";
"CG2502150";"11033818";"40030";120;"11/05/2026";
"CG2502151";"11033818";"40030";120;"22/05/2026";
"CG2600490";"11033818";"40030";120;"21/08/2026";
"CG2501867";"11033819";"40030";576;"27/03/2026";
"CG2502295";"11033819";"40030";96;"19/06/2026";
"CG2502232";"11033819";"40030";96;"12/06/2026";
"CG2502384";"11033819";"40030";192;"15/07/2026";
"CG2502384";"11033819";"40030";96;"20/07/2026";
"CG2502149";"11033819";"40030";96;"26/05/2026";
"CG2502150";"11033819";"40030";192;"26/05/2026";
"CG2502151";"11033819";"40030";192;"01/06/2026";
"CG2502152";"11033819";"40030";96;"08/06/2026";
"CG2600491";"11033819";"40030";360;"27/07/2026";
"CG2600491";"11033819";"40030";360;"21/08/2026";
"CG2502384";"11033819";"40030";192;"26/06/2026";
"CG2501992";"11033819";"40030";576;"11/05/2026";
"CG2502279";"11033819";"40030";96;"19/06/2026";
"CG2600713";"11033956";"40025";1152;"02/04/2026";
"CG2600492";"11073057";"40030";180;"17/07/2026";
"CG2600180";"11033370";"19001";160;"29/06/2026";
"CG2502302";"11033370";"19001";160;"07/05/2026";
"CH2600071";"YY-SOUSTRAITANCALDES";"10002";10;"15/01/2026";
"CH2600071";"YY-SOUSTRAITANCALDES";"10002";10;"15/01/2026";
"CG2600473";"11011586";"10002";76;"18/03/2026";
"CH2600014";"YY-ABOTELEPH";"33605";9;"23/12/2026";
"CH2600012";"YY-ABOTELEPH";"20076";9;"24/12/2026";
"CH2600030";"YY-ENERGIES";"32004";1;"31/12/2026";
"CH2600030";"YY-ENERGIES";"32004";1;"02/03/2026";
"CH2600030";"YY-ENERGIES";"32004";1;"02/04/2026";
"CH2600030";"YY-ENERGIES";"32004";1;"01/05/2026";
"CH2600030";"YY-ENERGIES";"32004";1;"02/06/2026";
"CH2600030";"YY-ENERGIES";"32004";1;"02/07/2026";
"CH2600030";"YY-ENERGIES";"32004";1;"03/08/2026";
"CH2600030";"YY-ENERGIES";"32004";1;"03/09/2026";
"CH2600030";"YY-ENERGIES";"32004";1;"02/10/2026";
"CH2600030";"YY-ENERGIES";"32004";1;"04/11/2026";
"CH2500119";"YY-ENERGIES";"22064";3;"31/12/2025";
"CH2600153";"YY-ENERGIES";"32068";1;"03/02/2026";
"CH2600153";"YY-ENERGIES";"32068";1;"03/03/2026";
"CH2600153";"YY-ENERGIES";"32068";1;"03/04/2026";
"CH2600060";"YY-ENERGIES";"20566";10;"24/12/2026";
"CH2600153";"YY-ENERGIES";"32068";1;"01/05/2026";
"CH2600153";"YY-ENERGIES";"32068";1;"01/06/2026";
"CH2600153";"YY-ENERGIES";"32068";1;"01/07/2026";
"CH2600153";"YY-ENERGIES";"32068";1;"31/07/2026";
"CH2600153";"YY-ENERGIES";"32068";1;"03/09/2026";
"CH2600153";"YY-ENERGIES";"32068";1;"02/10/2026";
"CH2600153";"YY-ENERGIES";"32068";1;"02/11/2026";
"CH2600153";"YY-ENERGIES";"32068";1;"03/12/2026";
"CG2600518";"11028817";"40027";600;"01/04/2026";
"CG2501462";"CE7697-01";"17505";512;"15/04/2026";
"CA2500019";"CE7697-01";"17505";42;"09/09/2025";
"CH2600036";"YY-LOCATIONLINGES";"32025";10;"24/12/2026";
"CH2500186";"YY-RESACRECHES";"34023";2;"31/12/2025";
"CH2500186";"YY-RESACRECHES";"34023";2;"31/12/2025";
"CH2600073";"YY-ASSURANCES";"10002";10;"15/01/2026";
"CH2600071";"YY-MANAGEMENTFEES";"10002";10;"15/01/2026";
